"region2","year","co2","population","gdp","gdp_per_capita","co2_per_capita","accumulated_co2"
"Africa",1972,314586395,286772282.666667,443085.403,1544.40770546595,1.09603895858946,613241832.333333
"Africa",1973,338645755,294322816,464475.02,1577.51697413335,1.14980099925875,951887587.333333
"Africa",1974,356947836.333333,302190996,491625.588333333,1625.99515856595,1.18073225958798,1308835423.66667
"Africa",1975,368655719.666667,310307020,513828.996666667,1655.29740800983,1.18830033567675,1677491143.33333
"Africa",1976,383149599.333333,318900757.333333,541210.254666667,1696.67608698912,1.20113024162345,2060640742.66667
"Africa",1977,398704802,327898090.666667,564968.076666667,1722.16957025324,1.21525271089235,2459345544.66667
"Africa",1978,423647196.666667,337289105,589330.948666667,1747.1126832672,1.25552972589413,2882992741.33333
"Africa",1979,449436149.333333,347148438,608762.083666667,1753.70426776911,1.29360067240402,3332428890.66667
"Africa",1980,482924283.333333,357569721.666667,627471.693666667,1754.65237153253,1.34936883845078,3815353174
"Africa",1981,511655840.666667,368395215.333333,642293.47,1743.8535428218,1.38832152437754,4327009014.66667
"Africa",1982,536073056.666667,379465656,652868.145666667,1721.2806338453,1.41257543005175,4863082071.33333
"Africa",1983,555713064.666667,390679203.666667,654852.104333333,1676.99437964055,1.4221165657336,5418795136
"Africa",1984,588854150,402112432.333333,663909.948,1651.48657217814,1.46337549325439,6007649286
"Africa",1985,619257023.333333,413884358.666667,678944.226,1640.24250147087,1.49543756256104,6626906309.33333
"Africa",1986,650573022.666667,425965912,695508.559333333,1633.05438902083,1.52725047350947,7277479332
"Africa",1987,663074985.333333,438285644.333333,708267.533,1616.56888847359,1.51318023267487,7940554317.33333
"Africa",1988,681498630,450661723.666667,724417.064333333,1607.33936281656,1.51237425270282,8622052947.33333
"Africa",1989,682968663.333333,463100705.666667,748411.535333333,1615.67605910462,1.47535764320608,9305021610.66667
"Africa",1990,672525406,476241922.666667,779252.571,1635.99126918467,1.41416913002839,9977547016.66667
"Africa",1991,661853348,489831462.666667,807387.135666667,1648.06925851912,1.3520850582714,10639400364.6667
"Africa",1992,654233709.333333,520656552,834757.295,1607.51656020634,1.2614867454114,11293634074
"Africa",1993,672410528,551505934,851820.142333333,1549.42791579227,1.22365530827084,11966044602
"Africa",1994,708079420,582902652.333333,865769.654,1485.66575116492,1.21346651154613,12674124022
"Africa",1995,766369545.333333,597574330,879476.684,1471.77888066745,1.28111964725893,13440493567.3333
"Africa",1996,819989892.666667,612734880.666667,909043.430333333,1483.22697308836,1.33775818672648,14260483460
"Africa",1997,852737710,628168934,943596.377333333,1501.7022315176,1.35745399024395,15113221170
"Africa",1998,875147175.333333,644270523.333333,979908.020333333,1520.79929106038,1.35838512995707,15988368345.3333
"Africa",1999,884954067.333333,660422907.333333,1010122.32533333,1529.40099690269,1.34040848455038,16873322412.6667
"Africa",2000,897617220,676675970,1042992.64933333,1541.11476842007,1.32681797029242,17770939632.6667
"Africa",2001,899268118,693259013.333333,1081092.03566667,1559.05563668802,1.29746884604722,18670207750.6667
"Africa",2002,897452694,710334525.666667,1131050.69966667,1591.6595171985,1.26432861440026,19567660444.6667
"Africa",2003,915733147.333333,728010185,1187857.62466667,1630.88693453661,1.25760827069388,20483393592
"Africa",2004,955322778.666667,746294937,1254975,1680.7859437377,1.27904516479131,21438716370.6667
"Africa",2005,1008060332,765141016.666667,1327451.841,1733.93147315059,1.31728644749541,22446776702.6667
"Africa",2006,1040160895.33333,784494186,1407519.72233333,1793.17027223095,1.3259731989408,23486937598
"Africa",2007,1064692582.66667,804358825.333333,1493588.61866667,1855.806892503,1.32362002075295,24551630180.6667
"Africa",2008,1100826282,824822613.333333,1580588.31833333,1915.2834157562,1.33436869508726,25652456462.6667
"Africa",2009,1127058594.66667,845930766,1660182.835,1961.93775611369,1.33239710476126,26779515057.3333
"Africa",2010,1157095214,867664912,1742093.70733333,2007.08071253634,1.33377569485096,27936610271.3333
"Africa",2011,1182799222.66667,889876233,1807541.699,2030.81300063284,1.3289916892075,29119409494
"Africa",2012,1213186339.33333,924876396,1914508.72466667,2069.06303832815,1.31280781076572,30332595833.3333
"Africa",2013,1232382362.66667,960791070.666667,2012573.20266667,2093.34440345136,1.28417723879568,31564978196
"Africa",2014,1264776283.33333,997711681,2125616.22866667,2130.10981111236,1.26750505686445,32829754479.3333
"Africa",2015,1285083813.33333,1023239017,2199288.217,2149.03749798669,1.25597594799403,34114838292.6667
"Africa",2016,1314514636.66667,1049059346,2261988.858,2156.22947590003,1.25347853379216,35429352929.3333
"Africa",2017,1322078100,1075192817,2324700.528,2162.07560710451,1.22975446651351,36751431029.3333
"Africa",2018,1333562400,1101731868.66667,2389835.633,2168.8796825796,1.21089680661826,38084993429.3333
"Africa",2019,1366523356.66667,1128600534.66667,2461247.07033333,2180.67496818089,1.21067426167486,39451516786
"Africa",2020,1361164006.66667,1155604802,2483476.08566667,2149.90095828134,1.17832328053653,40812680792.6667
"Africa",2021,1385331650,1182558716,2524551.661,2135.16128587596,1.17204958291944,42198012442.6667
"Africa",2022,1370654163.33333,1209564438.33333,2574617.31266667,2127.91111025227,1.13319568824089,43568666606
"Developing America",1972,526846652.666667,287476424,1389161.09266667,4829.2001977825,1.83189866566218,1036154032.66667
"Developing America",1973,561179498.666667,294522820,1488077.93466667,5048.59039724702,1.90404814443996,1597333531.33333
"Developing America",1974,598305343.333333,301667503,1593616.625,5278.84178488876,1.98182125623022,2195638874.66667
"Developing America",1975,630371026.666667,308895780,1689089.32433333,5465.95478067347,2.04030965989298,2826009901.33333
"Developing America",1976,656264982.666667,316198023.333333,1779156.838,5624.61076611687,2.075195843318,3482274884
"Developing America",1977,680688562.666667,323589253.666667,1866425.72666667,5765.24175958241,2.10281458139424,4162963446.66667
"Developing America",1978,720398032,331096839.333333,1959393.83066667,5915.93175619061,2.17454392664263,4883361478.66667
"Developing America",1979,767226338,338725190,2060393.335,6080.18897869313,2.26336660817165,5650587816.66667
"Developing America",1980,817607420.666667,346454240.666667,2172274.65766667,6266.63689705493,2.35867578677353,6468195237.33333
"Developing America",1981,847382795.333333,354922493.666667,2266261.34033333,6384.36015220235,2.38769417540661,7315578032.66667
"Developing America",1982,866864138,363448876.333333,2312844.585,6365.79874536377,2.3857094783028,8182442170.66667
"Developing America",1983,860514748,372057079,2299564.83566667,6183.87115276041,2.31382500128439,9042956918.66667
"Developing America",1984,857765293.333333,380088550,2303626.977,6062.12611990293,2.25800895662711,9900722212
"Developing America",1985,855814453.333333,388197741,2334102.24433333,6011.80467006797,2.20468859477512,10756536665.3333
"Developing America",1986,876509564,396332134.333333,2413540.80833333,6088.67082623789,2.21119754095611,11633046229.3333
"Developing America",1987,910470985.333333,404462453.666667,2493034.029,6162.61398323855,2.25039386614898,12543517214.6667
"Developing America",1988,943676740,412597811.333333,2557556.66,6198.66561415044,2.28667042383384,13487193954.6667
"Developing America",1989,972953100.666667,420746723,2599320.54533333,6178.72986773665,2.31236936908748,14460147055.3333
"Developing America",1990,990176584,428921196.666667,2616649.97466667,6101.55211307388,2.30865431055861,15450323639.3333
"Developing America",1991,1006788982.66667,437090256.333333,2659931.81133333,6085.47071769821,2.30350312356116,16457112622
"Developing America",1992,1021374101.33333,445233866,2722764.509,6114.230523443,2.29405172306807,17478486723.3333
"Developing America",1993,1045753274,453325154.666667,2820272.95,6220.07913748996,2.30665244384207,18524239997.3333
"Developing America",1994,1070102451.33333,461357687,2930160.70733333,6349.35653331569,2.31918748390805,19594342448.6667
"Developing America",1995,1096201174.66667,469342029,3022364.126,6438.80611221862,2.33558064212164,20690543623.3333
"Developing America",1996,1125121710.66667,477271947.666667,3115866.727,6528.0186788511,2.35706908263094,21815665334
"Developing America",1997,1171968312,485154976,3222280.108,6639.70367128625,2.41473256483539,22987633646
"Developing America",1998,1240110703.33333,493001766,3347942.56366667,6789.25432153595,2.51416070168268,24227744349.3333
"Developing America",1999,1290807122,500809689,3434701.29266667,6858.50871331202,2.57704479592658,25518551471.3333
"Developing America",2000,1321097798,508521335.333333,3504410.772,6891.23128250624,2.59823787773582,26839649269.3333
"Developing America",2001,1323881406.66667,516053038,3550522.88866667,6879.78535548659,2.56562257797697,28163530676
"Developing America",2002,1340362508.66667,523367345.333333,3594032.63233333,6867.93347408924,2.56104348035391,29503893184.6667
"Developing America",2003,1363541746.66667,530484615.666667,3619076.856,6822.53010938054,2.5700968984585,30867434931.3333
"Developing America",2004,1398401540.66667,537438598.666667,3713810.24633333,6908.63397806367,2.60171206590537,32265836472
"Developing America",2005,1440753714,544262237.666667,3871397.45366667,7110.75820919177,2.64672744807368,33706590186
"Developing America",2006,1488341556.66667,550985869,4083821.21233333,7409.55655321162,2.70071223247391,35194931742.6667
"Developing America",2007,1536694280.66667,557645034,4301796.10566667,7711.56955772299,2.75532730734547,36731626023.3333
"Developing America",2008,1579954310,564258302.333333,4519171.10333333,8006.87454789693,2.79975176178621,38311580333.3333
"Developing America",2009,1593285828,570824448.666667,4621211.101,8095.95272984237,2.79142875015263,39904866161.3333
"Developing America",2010,1632705401.33333,577312321.666667,4734462.33333333,8200.51735670958,2.827870897928,41537571562.6667
"Developing America",2011,1671961817.33333,583725574.666667,4862277.051,8327.2931898409,2.86353118072058,43209533380
"Developing America",2012,1748506742.66667,590092212,5075094.68366667,8598.9715941666,2.96264717241122,44958040122.6667
"Developing America",2013,1806010052,596430041,5243652.76633334,8790.70094606967,3.02748878486249,46764050174.6667
"Developing America",2014,1852973729.33333,602718727,5356506.32366667,8886.74368428021,3.07417692648046,48617023904
"Developing America",2015,1865273104.66667,608909327,5422894.02433334,8906.2096664429,3.0636304876742,50482297008.6667
"Developing America",2016,1842265324.66667,614977632.333333,5416373.193,8808.3728513616,2.99627366871082,52324562333.3333
"Developing America",2017,1804348224.66667,620892256.333333,5409759.192,8713.50793135332,2.90663637628036,54128910558
"Developing America",2018,1757104448.66667,626619498,5415166.461,8641.90190107258,2.80470435431122,55886015006.6667
"Developing America",2019,1727501212.66667,632100080.666667,5439609.66566667,8605.93219496081,2.73333424671113,57613516219.3333
"Developing America",2020,1657259623.33333,637181691.333333,5314122.99233334,8341.98976581642,2.60160627801788,59270775842.6667
"Developing America",2021,1660311010.66667,641682806.666667,5294456.26,8251.34912190707,2.58753085655312,60931086853.3333
"Developing America",2022,1675308759.33333,645764184.333333,5352512.13833334,8287.0921673669,2.59375009789866,62606395612.6667
"Developing Asia",1972,1544364006,1820472733,1261305.428,692.303408871347,0.847505064378388,3000730194
"Developing Asia",1973,1672498280,1863344972.66667,1362865.76633333,730.802064514249,0.896977076925287,4673228474
"Developing Asia",1974,1759025260,1906091981.66667,1459898.21366667,765.37967723678,0.92253546605217,6432253734
"Developing Asia",1975,1868814912,1948535942.33333,1536025.083,788.137736361254,0.95861877277093,8301068646
"Developing Asia",1976,1985603521.33333,1990052516,1615457.00733333,811.456276538596,0.996962376376252,10286672167.3333
"Developing Asia",1977,2143691988.66667,2030714366.33333,1702004.84833333,837.595883980523,1.05492961882629,12430364156
"Developing Asia",1978,2306720886.66667,2070900023.66667,1798382.875,868.124854542418,1.11306876533063,14737085042.6667
"Developing Asia",1979,2455235109.33333,2111457393,1884959.75033333,892.47088546085,1.1622344910477,17192320152
"Developing Asia",1980,2543995058,2153162451.33333,1961640.98633333,910.760456620442,1.18158269152242,19736315210
"Developing Asia",1981,2565073089,2196548163.33333,2037215.809,927.326308593028,1.16819789675328,22301388299
"Developing Asia",1982,2603503647.33333,2241848042.66667,2084874.68066667,930.027458665499,1.16123670342782,24904891946.3333
"Developing Asia",1983,2705706316.33333,2288537621.66667,2134952.44266667,932.867769655644,1.1816518101792,27610598262.6667
"Developing Asia",1984,2873147232.66667,2336141866.33333,2206402.08633333,944.150233050442,1.22918281934483,30483745495.3333
"Developing Asia",1985,3070717303.66667,2384412080.33333,2304622.705,966.192314466451,1.2869895448474,33554462799
"Developing Asia",1986,3273876312.66667,2433788800.33333,2417489.51566667,992.962241670938,1.34434563386091,36828339111.6667
"Developing Asia",1987,3485545476,2484907346,2546814.62366667,1024.39447718064,1.40198736749207,40313884587.6667
"Developing Asia",1988,3714996718,2537381496.33333,2712807.11833333,1068.41948411932,1.46316168535928,44028881305.6667
"Developing Asia",1989,3931218540.66667,2590650346.33333,2882001.23633333,1111.87459227627,1.5167162753484,47960099846.3333
"Developing Asia",1990,4114001740.66667,2648877384.33333,3063734.29,1156.04042932524,1.55292703440523,52074101587
"Developing Asia",1991,4291510649.33333,2706834644.66667,3234072.97933333,1194.13636262862,1.58493420452943,56365612236.3333
"Developing Asia",1992,4672511258,2786919408.66667,3514918.04733333,1259.58536571241,1.67367252771973,61038123494.3333
"Developing Asia",1993,5116484320.66667,2860993099,3820843.853,1333.6407933614,1.78556916823104,66154607815
"Developing Asia",1994,5560628410,2933653408,4170181.234,1420.65452862813,1.89472665266009,71715236225
"Developing Asia",1995,5840427906.66667,2982321332,4468810.42566667,1497.58443950748,1.95770649563819,77555664131.6667
"Developing Asia",1996,6104832746.66667,3030332771.66667,4797166.21266667,1582.12690479806,2.0140150938331,83660496878.3333
"Developing Asia",1997,6297896365.33333,3078063882.33333,5129768.19533333,1665.67348194631,2.04585870409501,89958393243.6667
"Developing Asia",1998,6369421816,3125492800.66667,5441377.041,1740.31982565266,2.03825564648609,96327815059.6667
"Developing Asia",1999,6479019352,3172489017.33333,5741598.67366667,1809.16505262679,2.04214188108593,102806834411.667
"Developing Asia",2000,6668224959.33333,3219250049.33333,6074054.78733333,1885.93443926261,2.07065064992647,109475059371
"Developing Asia",2001,6935625408,3265867892,6430238.96833333,1968.12052775499,2.12331613887554,116410684779
"Developing Asia",2002,7242249411.33333,3311933551,6812417.49766667,2056.1723799355,2.18613892332643,123652934190.333
"Developing Asia",2003,7874560977.33333,3432473470,7396128.10433333,2151.34925479563,2.28931672246054,131527495167.667
"Developing Asia",2004,8678566795.33333,3553290358.66667,8115386.73566667,2279.763820952,2.43735532365852,140206061963
"Developing Asia",2005,9592896002.66667,3674930124,8952415.635,2434.5996485636,2.60894017222426,149798957965.667
"Developing Asia",2006,10366021424,3722476009.66667,9761099.30566667,2620.54646210012,2.78310462742078,160164979389.667
"Developing Asia",2007,11131044860.6667,3770143944,10694111.538,2834.55290425038,2.95107065468889,171296024250.333
"Developing Asia",2008,11888693652,3817857065.33333,11639478.7636667,3046.93375454334,3.11275095226592,183184717902.333
"Developing Asia",2009,12559709610,3865742142.33333,12528532.8503333,3239.56918247828,3.24782844237726,195744427512.333
"Developing Asia",2010,13369050900.6667,3913944846.66667,13453434.1453333,3435.58055290058,3.41436889412404,209113478413
"Developing Asia",2011,14291393796,3962439381.66667,14481594.453,3652.68836277419,3.60483967824599,223404872209
"Developing Asia",2012,15220763982,4011055211.66667,15584529.4276667,3883.65889466233,3.79331560714219,238625636191
"Developing Asia",2013,15885977454.6667,4059353707.33333,16633413.5463333,4095.95444858434,3.91294420911567,254511613645.667
"Developing Asia",2014,16296794513.3333,4106843536.33333,17682164.3873333,4303.91030848875,3.9679806467267,270808408159
"Developing Asia",2015,16559094907.3333,4152761223,18772149.499,4518.82069689359,3.98733364131076,287367503066.333
"Developing Asia",2016,16780373286,4197136707,19926014.9506667,4745.93164480559,3.99809282702216,304147876352.333
"Developing Asia",2017,17040527373.3333,4240305301.33333,21116287.7996667,4978.2853822652,4.01849492604986,321188403725.667
"Developing Asia",2018,17466721647.3333,4282030259,22361458.0896667,5220.61920200603,4.07846740604362,338655125373
"Developing Asia",2019,18027581090,4321973814.66667,23563933.895,5450.76556795453,4.1705373575212,356682706463
"Developing Asia",2020,18351908703.3333,4359508236.33333,24328643.642,5580.19112776318,4.20962394585927,375034615166.333
"Developing Asia",2021,18731994537.3333,4393853473,25266731.0976667,5749.75309275544,4.26305769362087,393766609703.667
"Developing Asia",2022,19059636851.3333,4425459486,26189059.911,5916.54344333379,4.306329579078,412826246555
"developed (excluding eastern block)",1972,8415887136.66667,689136085.666667,12558941.9186667,18219.7881174592,12.2104262822468,16652595390
"developed (excluding eastern block)",1973,8735544896.66667,696034686,13216180.794,18981.9810414712,12.5474522534631,25388140286.6667
"developed (excluding eastern block)",1974,8939596330,702651835.666667,13759512.556,19579.2328200273,12.7223885412803,34327736616.6667
"developed (excluding eastern block)",1975,8944246756.66667,708967195.333333,14090052.6363333,19874.3918465194,12.6182040027334,43271983373.3333
"developed (excluding eastern block)",1976,8963080396.66667,715028850.666667,14373948.884,20100.7185775376,12.5348766564441,52235063770
"developed (excluding eastern block)",1977,9113578566.66667,720850364.666667,14806099.8713333,20536.0590223995,12.6409324912898,61348642336.6667
"developed (excluding eastern block)",1978,9374557713.33333,726446114,15459210.8653333,21276.9989292744,12.9040669585187,70723200050
"developed (excluding eastern block)",1979,9562277316.66667,731899500,16085677.4353333,21974.3664449959,13.0642491263749,80285477366.6667
"developed (excluding eastern block)",1980,9592801370,737323470,16575472.9753333,22478.8906791819,13.0108932826395,89878278736.6667
"developed (excluding eastern block)",1981,9478255650,742705921.666667,16935150.5636667,22801.2313519151,12.7641555987701,99356534386.6667
"developed (excluding eastern block)",1982,9177776150,747927943,17095292.2076667,22856.5593944738,12.2731943281944,108534310536.667
"developed (excluding eastern block)",1983,8936813586.66667,752883409.333333,17403854.2093333,23115.1978792119,11.8716081148397,117471124123.333
"developed (excluding eastern block)",1984,8898725313.33333,757628479.333333,17901625.728,23625.0702604944,11.7452630373691,126369849436.667
"developed (excluding eastern block)",1985,8978526103.33333,762274985.666667,18634789.84,24442.6394459285,11.7779802088729,135348375540
"developed (excluding eastern block)",1986,9089605896.66667,766841708.333333,19371778.888,25258.9595987333,11.8534886279926,144437981436.667
"developed (excluding eastern block)",1987,9181980093.33333,771361386.333333,20061605.1273333,26005.2290317355,11.9032771855022,153619961530
"developed (excluding eastern block)",1988,9365591533.33333,775865132,20833015.599,26847.6790106917,12.0700414604285,162985553063.333
"developed (excluding eastern block)",1989,9620210076.66667,780375052,21662743.5043333,27755.7118774797,12.3266614693131,172605763140
"developed (excluding eastern block)",1990,10197640263.3333,811625543,23181810.082,28540.8927661408,12.55797198603,182803403403.333
"developed (excluding eastern block)",1991,10640848106.6667,843373976.333333,24461601.39,28993.2161497711,12.615509253329,193444251510
"developed (excluding eastern block)",1992,11029666636.6667,875616903.666667,25656544.714,29300.0182504657,12.5969653605775,204473918146.667
"developed (excluding eastern block)",1993,11026836303.3333,881483752.666667,26015839.0413333,29512.4566159422,12.5095641646778,215500754450
"developed (excluding eastern block)",1994,11105953956.6667,887093027.666667,26574236.6506667,29954.6657082301,12.5193632980016,226606708406.667
"developed (excluding eastern block)",1995,11217335826.6667,892271813,27191637.6416667,30472.0227281856,12.5712973880989,237824044233.333
"developed (excluding eastern block)",1996,11423343416.6667,896997405.333333,27975537.1816667,31185.701184721,12.7344546733005,249247387650
"developed (excluding eastern block)",1997,11582243523.3333,901396190,28804986.479,31953.3318973745,12.8488311681419,260829631173.333
"developed (excluding eastern block)",1998,11703851983.3333,905494986.666667,29708759.1996667,32806.7239613467,12.9254620358448,272533483156.667
"developed (excluding eastern block)",1999,11748865036.6667,909512310,30688697.846,33739.2568934795,12.9177335599377,284282348193.333
"developed (excluding eastern block)",2000,11880329963.3333,913659659.333333,31752117.4516667,34749.284285183,13.0025710132411,296162678156.667
"developed (excluding eastern block)",2001,11983645530,918181351.333333,32669577.9273333,35578.1528044556,13.0513276349738,308146323686.667
"developed (excluding eastern block)",2002,12077311260,923139446.333333,33396787.0226667,36176.2331771482,13.0831207203455,320223634946.667
"developed (excluding eastern block)",2003,12142024153.3333,928399901.333333,33944930.6726667,36561.2397014773,13.0782144587573,332365659100
"developed (excluding eastern block)",2004,12263438936.6667,933910780.666667,34688052.347,37139.8973154764,13.130941456619,344629098036.667
"developed (excluding eastern block)",2005,12366703886.6667,939559928.666667,35593677.865,37879.9185218836,13.1622904234596,356995801923.333
"developed (excluding eastern block)",2006,12378693526.6667,945188350.666667,36611804.6913333,38731.6994736619,13.0970062595559,369374495450
"developed (excluding eastern block)",2007,12384559316.6667,950880610.333333,37569683.4516667,39507.3300786781,13.0245898751454,381759054766.667
"developed (excluding eastern block)",2008,12259734936.6667,956719628,38229692.0536667,39958.1141885774,12.8153195541108,394018789703.333
"developed (excluding eastern block)",2009,11877053606.6667,962602312.666667,38104445.6016667,39588.4564365911,12.3414126443853,405895843310
"developed (excluding eastern block)",2010,11584118053.3333,968313459,38015449.6473333,39260.9714826671,11.9644353120736,417479961363.333
"developed (excluding eastern block)",2011,11352114420,973711001.333333,38112500.4763333,39139.2459556086,11.6585263330181,428832075783.333
"developed (excluding eastern block)",2012,11342259483.3333,978841208.333333,38808133.5576667,39645.8146788637,11.5883288970043,440174335266.667
"developed (excluding eastern block)",2013,11226054780,983729015,39358326.5236667,40008.2525031213,11.4121523184394,451400390046.667
"developed (excluding eastern block)",2014,11119357200,988472799.333333,39976766.4196667,40441.3420063532,11.2494021650388,462519747246.667
"developed (excluding eastern block)",2015,11027331240,993349928.666667,40770925.9483333,41041.4924301207,11.101886888535,473547078486.667
"developed (excluding eastern block)",2016,10861056836.6667,998523723,41620284.9573333,41679.5269965942,10.8779085285273,484408135323.333
"developed (excluding eastern block)",2017,10740430620,1003877531.33333,42555418.1486667,42388.6278019571,10.6995366875285,495148565943.333
"developed (excluding eastern block)",2018,10689151146.6667,1009163170.33333,43490786.713,43093.1342519608,10.5922432844382,505837717090
"developed (excluding eastern block)",2019,10599705746.6667,1014202267.33333,44448079.436,43823.4882624222,10.4517988114518,516437422836.667
"developed (excluding eastern block)",2020,10198078320,1018377121.33333,44439770.9053333,43639.1767370539,10.0155908070102,526635501156.667
"developed (excluding eastern block)",2021,9951881783.33333,1021212861.33333,44912707.444,43979.8960597041,9.74558708392811,536587382940
"developed (excluding eastern block)",2022,9794601403.33333,1023480562,45516258.4136667,44469.9412804254,9.56965714244834,546381984343.333
NA,1994,2635056000,241771695.666667,1192744.86866667,4938.94604676314,10.9173693849272,5391208933.33333
NA,1995,2491553766.66667,246222698.666667,1148944.42,4665.82682210617,10.1179442262988,7882762700
NA,1996,2334009166.66667,245658884,1088807.80366667,4432.05858586007,9.50064420954969,10216771866.6667
NA,1997,2252125833.33333,245048155.333333,1079882.198,4406.84971392883,9.18992624751733,12468897700
NA,1998,2181406133.33333,244364773.333333,1070922.656,4382.4670505206,8.926306047948,14650303833.3333
NA,1999,2125314166.66667,243593907.333333,1084039.174,4450.31831907509,8.72465678934462,16775618000
NA,2000,2100514133.33333,242695317,1119356.889,4613.00708218776,8.65481055446319,18876132133.3333
NA,2001,2106666000,241645865.333333,1184039.739,4900.90225070156,8.71835534588872,20982798133.3333
NA,2002,2112134866.66667,240663274.666667,1251837.426,5202.28984762666,8.77664343358939,23094933000
NA,2003,2142088266.66667,239827826.333333,1320086.19733333,5504.90079289336,8.93193577370164,25237021266.6667
NA,2004,2157752566.66667,239013611.666667,1401757.94166667,5865.77336878444,9.02814396572682,27394773833.3333
NA,2005,2187450933.33333,238053651,1495649.18733333,6284.18842506623,9.18928971411351,29582224766.6667
NA,2006,2228581500,236989111,1601636.994,6759.71206495886,9.40450346797503,31810806266.6667
NA,2007,2267717100,236099677.333333,1721684.229,7293.45326202317,9.60544271394767,34078523366.6667
NA,2008,2322283333.33333,238151040,1852700.27066667,7775.7808789774,9.75129017846301,36400806700
NA,2009,2286368066.66667,240421756,1890176.40766667,7862.10081560587,9.51249841963635,38687174766.6667
NA,2010,2285980033.33333,242789153,1903289.50666667,7839.13602437462,9.41539184170024,40973154800
NA,2011,2285711633.33333,242511502,1897387.406,7824.12595906945,9.42546509816785,43258866433.3333
NA,2012,2346152100,242311391.333333,1961174.81733333,8093.72806145324,9.68245863576541,45605018533.3333
NA,2013,2343600233.33333,242223979.333333,2011724.038,8305.2261923571,9.67534921999737,47948618766.6667
NA,2014,2298468700,242224231,2043779.139,8437.54339729582,9.48903301483516,50247087466.6667
NA,2015,2242929666.66667,242251104.333333,2051316.64,8467.72994062023,9.25870557162212,52490017133.3333
NA,2016,2216364933.33333,242298590.333333,2055398.241,8482.91269691105,9.14725110982723,54706382066.6667
NA,2017,2218673633.33333,242347165.333333,2071894.711,8549.26423939203,9.15492683522402,56925055700
NA,2018,2250698333.33333,242323661.333333,2116464.13566667,8734.10156032195,9.28803200358293,59175754033.3333
NA,2019,2267444500,242149442,2173141.10966667,8974.56578768968,9.36385259326818,61443198533.3333
NA,2020,2238928333.33333,241745328.333333,2189941.933,9058.82574321231,9.26111387478944,63682126866.6667
NA,2021,2223942366.66667,240993552,2225291.88733333,9234.30971933262,9.22835500778742,65906069233.3333
NA,2022,2174823566.66667,239197279,2226823.83633333,9310.85516873583,9.09176499154107,68080892800
