Member,population,votes,population_share,votes_share
Afghanistan,42647492,4690,0.5279561672714056,0.09303613610809808
Albania,2791765,2845,0.03456075563183072,0.05643663267111706
Algeria,46814308,21051,0.5795394164126486,0.41759140750779794
Andorra,81938,2277,0.0010143544298896739,0.04516914326612778
Angola,37885849,8853,0.469009235803672,0.17561810510980644
Antigua and Barbuda,93772,1652,0.0011608538602310833,0.032770937494792755
Argentina,45696159,33325,0.5656972504893076,0.6610723317275838
Armenia,2973840,2740,0.036814759669300055,0.05435373410153277
Australia,26713205,67176,0.33069708594670344,1.3325789934323233
Austria,9120813,40772,0.11291143389813428,0.808799433134195
Azerbaijan,10336577,5369,0.12796202823898212,0.10650554685807645
"Bahamas, The",401283,3276,0.004967697389360468,0.06498643537102969
Bahrain,1607049,5402,0.01989452112816728,0.10716017212280295
Bangladesh,173562364,12118,2.148621552704778,0.24038633205926063
Barbados,282467,2397,0.0034968104267573837,0.047549598774224114
Belarus,9056696,8267,0.1121176951812845,0.16399354737860272
Belgium,11738763,65559,0.14532044046077522,1.3005023554607253
Belize,417072,1719,0.005163157885022164,0.03410002515347987
Benin,14462724,2690,0.1790418140261137,0.05336187763982597
Bhutan,791524,1656,0.009798699940979694,0.0328502860117293
Bolivia,12413315,3853,0.1536710813037411,0.0764324589391262
Bosnia and Herzegovina,3164253,4104,0.03917198427886561,0.08141157837689435
Botswana,2521139,3424,0.031210531292167526,0.06792233049768183
Brazil,211998573,111872,2.6244439900026775,2.219219321681268
Brunei Darussalam,462721,4465,0.005728271328967998,0.08857278203041746
Bulgaria,6757689,10415,0.08365705500459764,0.20660370097352695
Burkina Faso,23548781,2656,0.29152298476716276,0.05268741524586534
Burundi,14047786,2992,0.1739050740711531,0.05935269066853507
Cabo Verde,524877,1689,0.006497733775503458,0.03350491127645579
Cambodia,17638801,3202,0.2183601739399596,0.06351848780770364
Cameroon,29123744,4212,0.3605384405449585,0.08355398833418104
Canada,39742430,111691,0.4919928473367701,2.2156288012898893
Central African Republic,5330690,2566,0.06599146935327425,0.050902073614793104
Chad,20299123,2854,0.2512937262067096,0.05661516683422429
Chile,19764771,18895,0.2446786963265513,0.3748225568790006
China,1419321278,306281,17.57053901457167,6.075735778960423
Colombia,52886363,21897,0.6547086405550947,0.4343736188398771
Comoros,866628,1630,0.010728452621084579,0.03233452065164176
"Congo, Dem. Rep.",109276265,12112,1.3527894686781217,0.2402673092838558
"Congo, Rep.",6332961,3072,0.07839911939110718,0.06093966100726594
Costa Rica,5129910,5146,0.06350590609284261,0.1020818670388641
Cote d'Ivoire,31934230,7956,0.3953309534723294,0.1578242001867864
Croatia,3875325,8626,0.04797472578061706,0.17111507677365756
Cyprus,1358282,4490,0.016814901068361518,0.08906871026127086
Czech Republic,10735859,23254,0.13290495417658382,0.46129260321059967
Denmark,5977412,35846,0.073997587706262,0.7110817345268409
Djibouti,1168722,1770,0.01446823620309892,0.03511171874442081
Dominica,66205,1567,8.19587188250212e-4,0.031084781509891187
Dominican Republic,11427557,6226,0.14146785454571448,0.12350596661173104
Ecuador,18135478,8429,0.22450880479712373,0.16720716231453275
"Egypt, Arab Rep.",116538258,21823,1.4426895732618044,0.432905671276551
El Salvador,6338193,4324,0.07846388912404162,0.08577574680840427
Equatorial Guinea,1892516,3027,0.023428470163258636,0.06004699019172982
Eritrea,3535603,1611,0.04376912501380582,0.031957615196193175
Estonia,1360546,3888,0.016842928338117555,0.07712675846232096
Eswatini,1242822,2237,0.015385559828948037,0.04437565809676234
Ethiopia,132059767,4459,1.6348386544295463,0.08845375925501264
Fiji,928784,2436,0.01149791506762004,0.04832324681435542
Finland,5617310,25558,0.06953969199350196,0.5069973489660491
France,66548530,203003,0.823839930290535,4.02699674591732
Gabon,2538952,3612,0.03143104796891854,0.07165171079369942
"Gambia, The",2759988,2074,0.03416737111282117,0.04114220603159816
Georgia,3807670,3556,0.04713718826500543,0.07054083155658779
Germany,84552242,267796,1.0467175331324141,5.312303860384698
Ghana,34427414,8832,0.4261954148325048,0.17520152539588957
Greece,10047817,25741,0.12438731339147616,0.510627543615896
Grenada,117207,1616,0.0014509682889999635,0.032056800842363856
Guatemala,18406359,5738,0.2278621859184953,0.11382544754547266
Guinea,14754785,3594,0.18265739372232312,0.07129464246748496
Guinea-Bissau,2201352,1736,0.02725171657773552,0.03443725635046018
Guyana,831087,3270,0.01028847152815201,0.06486741259562488
Haiti,11772557,3090,0.1457387945041213,0.06129672933348039
Honduras,10825703,3950,0.1340171812189696,0.0783566604748374
Hungary,9676135,20852,0.11978606265054699,0.4136438187902049
Iceland,393396,4670,0.004870059988050455,0.09263939352341535
India,1450935791,132596,17.961912019897095,2.6303239879295037
Indonesia,283487931,47936,3.509449078939054,0.9509126269675457
"Iran, Islamic Rep.",91567738,37123,1.1335661192032638,0.7364137485588326
Iraq,46042015,18090,0.5699787873306258,0.35885366784552114
Ireland,5255017,35951,0.06505467271712202,0.7131646330964251
Israel,9387021,20661,0.11620696544725763,0.4098549271064849
Italy,59342867,152152,0.7346371649760032,3.0182588872322684
Jamaica,2839175,5281,0.035147669438868594,0.10475987948547248
Japan,123753041,309657,1.5320052399456716,6.142705927254866
Jordan,11552876,4883,0.1430192456316495,0.09686470205028633
Kazakhstan,20592571,13036,0.2549264763195054,0.2585968166961975
Kenya,56432944,6880,0.6986136681163306,0.13647944913085602
Kiribati,134518,1564,0.0016652704386230948,0.03102527012218878
"Korea, Rep.",51717590,87279,0.640239772995654,1.7313648024261603
Kosovo,NA,2278,NA,0.04518898039536192
Kuwait,4934507,20787,0.06108690759808154,0.4123544053899861
Kyrgyz Republic,7186009,3228,0.08895945791179997,0.06403425316779117
Lao PDR,7769819,2510,0.09618675488895209,0.04979119437768148
Latvia,1871871,4775,0.02317289464024035,0.09472229209299964
Lebanon,5805962,7787,0.07187511623997547,0.15447172534621742
Lesotho,2337423,2150,0.028936212435939506,0.04264982785339251
Liberia,5612817,4036,0.06948407073775378,0.08006265358897309
Libya,7381023,17184,0.09137364076701374,0.34088122875939386
Liechtenstein,39870,2452,4.935721047584918e-4,0.04864064088210159
Lithuania,2859110,5868,0.03539445549124784,0.11640427434591034
Luxembourg,673036,14670,0.008331873466221124,0.29101068586477585
Madagascar,31964956,3896,0.3957113270988859,0.07728545549619405
Malawi,21655286,2840,0.2680823950380512,0.05633744702494638
Malaysia,35557673,37790,0.44018749693815384,0.7496451137580012
Maldives,527799,1664,0.006533906780020747,0.03300898304560239
Mali,24478595,3318,0.3030336507569775,0.0658195947988634
Malta,539607,3135,0.006680084342423262,0.06218940014901652
Marshall Islands,37548,1501,4.6482682190799717e-4,0.02977553098043821
Mauritania,5169395,2740,0.06399471207619824,0.05435373410153277
Mauritius,1271169,2874,0.01573648253909574,0.057011909418907006
Mexico,130861007,90579,1.6199985617207355,1.7968273288988095
"Micronesia, Fed. Sts.",113160,1524,0.001400868306357435,0.03023178495282334
Moldova,3034961,3177,0.03757140929596029,0.06302255957685024
Mongolia,3475540,2175,0.043025572936351356,0.04314575608424591
Montenegro,638479,2057,0.007904073836822099,0.040804974834617855
Morocco,38081173,10396,0.4714272563150802,0.20622679551807838
Mozambique,34631766,3724,0.4287251977959261,0.07387346926792265
Myanmar,54500091,6620,0.6746858446049495,0.13132179552998063
Namibia,3030131,3363,0.0375116161365426,0.06671226561439954
Nauru,11947,1480,1.4789831792198899e-4,0.02935895126652135
Nepal,29651054,3021,0.3670662937318208,0.05992796741632501
Netherlands,18228742,88817,0.22566336985301022,1.7618743071882614
New Zealand,5213944,13973,0.06454620803042162,0.277184206788583
Nicaragua,6916140,4052,0.08561860488097305,0.08038004765671927
Niger,27032412,2768,0.33464872053019085,0.054909173720088585
Nigeria,232679478,25997,2.8804640002650412,0.5157058486998348
North Macedonia,1823009,2855,0.022568005746768833,0.05663500396345842
Norway,5576660,38999,0.06903646385057664,0.7736282030020718
Oman,5281538,6896,0.06538299039433045,0.1367968431986022
Pakistan,251269164,21762,3.110595689400217,0.43169560639326865
Palau,17695,1501,2.190558914898799e-4,0.02977553098043821
Panama,4515577,5220,0.05590074853496454,0.10354981460219018
Papua New Guinea,10576502,4084,0.13093218844049154,0.08101483579221162
Paraguay,6929153,3466,0.0857796997843897,0.06875548992551554
Peru,34217848,14797,0.423601084967799,0.2935300012775111
Philippines,115843670,21881,1.434090896033312,0.4340562247721309
Poland,38539201,42406,0.4770974304810778,0.8412133023027732
Portugal,10425292,22053,0.1290602787850982,0.4374682110004023
Qatar,3048423,8803,0.03773806261109094,0.17462624864809964
Romania,19015088,19566,0.23539796855600553,0.38813327059510594
Russian Federation,144820423,130489,1.7928096561857307,2.588527156633179
Rwanda,14256567,3054,0.17648968600001144,0.0605825926810515
Samoa,218019,1614,0.0026989740834547685,0.032017126583895585
San Marino,33581,1944,4.157172021543745e-4,0.03856337923116048
Sao Tome and Principe,235536,1600,0.0029158264175168326,0.03173940677461768
Saudi Arabia,33962757,101378,0.4204431767216253,2.0110484874982446
Senegal,18501984,4688,0.2290459790591407,0.0929964618496298
Serbia,6736216,8000,0.08339122922567917,0.1586970338730884
Seychelles,130418,1681,0.001614514340566666,0.033346214242582696
Sierra Leone,8642022,3526,0.10698422342385731,0.0699457176795637
Singapore,5832387,40371,0.07220224548171722,0.8008447443113064
Slovak Republic,5506760,11462,0.0681711342763951,0.22737317528166737
Slovenia,2118697,7317,0.02622848602045403,0.14514827460617347
Solomon Islands,819198,1660,0.010141291223324477,0.03292963452866584
Somalia,19009151,3086,0.23532447125011258,0.06121738081654385
South Africa,64007187,31964,0.7923792828507744,0.6340739988399247
South Sudan,11943408,3912,0.1478538506282771,0.07760284956394023
Spain,47910526,96807,0.593110086729532,1.9203729697690086
Sri Lanka,23103565,7240,0.2860114172178235,0.143620815655145
St. Kitts and Nevis,46843,1577,5.798946100627547e-4,0.031283152802232546
St. Lucia,179744,1666,0.0022251473387938387,0.03304865730407066
St. Vincent and the Grenadines,100616,1569,0.0012455794053769854,0.03112445576835946
Sudan,50448963,7754,0.6245347592373534,0.1538171000814909
Suriname,634431,2741,0.007853961474643458,0.05437357123076691
Sweden,10606999,45752,0.1313097271532786,0.9075883367201925
Switzerland,8921981,59163,0.11044998597404748,1.173624076879191
Syrian Arab Republic,24672760,4388,0.30543732338603274,0.08704532307938899
Tajikistan,10590927,3192,0.1311107632488974,0.06332011651536226
Tanzania,68560157,5430,0.8487429393795496,0.10771561174135874
Thailand,71668011,33571,0.8872167302012726,0.6659522655191813
Timor-Leste,1400638,1708,0.017339248699892763,0.03388181673190437
Togo,9515236,2920,0.11779420766977107,0.05792441736367726
Tonga,104175,1590,0.001289638174397188,0.03154103548227632
Trinidad and Tobago,1507782,6150,0.01866564171700447,0.12199834478993671
Tunisia,12277109,6904,0.15198491420816207,0.13695554023247528
Turkey,87473805,48038,1.0828851277924223,0.9529360141494275
Turkmenistan,7494498,3838,0.09277840862724622,0.07613490200061415
Tuvalu,9646,1477,1.1941300532983224e-4,0.029299439878818945
Uganda,50015092,5062,0.619163637525197,0.10041554818319667
Ukraine,37860221,21570,0.46869197305221094,0.4278868775803146
United Arab Emirates,11027129,24564,0.13651074165972918,0.4872792425073179
United Kingdom,69138192,203003,0.855898744535659,4.02699674591732
United States,345426571,831394,4.276220709505357,16.492470222485306
Uruguay,3386588,5743,0.04192438844017685,0.11392463319164334
Uzbekistan,36361859,6964,0.4501429465653751,0.13814576798652345
Vanuatu,327777,1690,0.0040577272079614785,0.03352474840568992
"Venezuela, RB",28405543,38679,0.3516474453302694,0.7672803216471483
Vietnam,100987686,12983,1.250180705636059,0.2575454488467883
"Yemen, Rep.",40583164,6322,0.5024007442497881,0.12541033101820812
Zambia,21314956,11234,0.26386926751328427,0.2228503098162844
Zimbabwe,16634373,8520,0.20592582124273456,0.16901234107483915
