Member,GDP_2015,votes,GDP_2015_share,votes_share
Afghanistan,14965.088,4690,0.016386288222009614,0.09303613610809808
Albania,14864.61,2845,0.016276268055875537,0.05643663267111706
Algeria,184869.386,21051,0.20242600928387114,0.41759140750779794
Andorra,3233.138,2277,0.0035401817302732675,0.04516914326612778
Angola,110887.957,8853,0.12141873297048492,0.17561810510980644
Antigua and Barbuda,1685.379,1652,0.0018454355936511923,0.032770937494792755
Argentina,637640.905,33325,0.6981962051591711,0.6610723317275838
Armenia,15354.912,2740,0.016813132916799024,0.05435373410153277
Australia,1487777.149,67176,1.6290679462515514,1.3325789934323233
Austria,418414.577,40772,0.45815045357649975,0.808799433134195
Azerbaijan,56953.744,5369,0.062362510965959614,0.10650554685807645
"Bahamas, The",12988.1,3276,0.014221550187762548,0.06498643537102969
Bahrain,36989.381,5402,0.04050217801724428,0.10716017212280295
Bangladesh,387571.045,12118,0.4243777817995763,0.24038633205926063
Barbados,4899.142,2397,0.005364402324433549,0.047549598774224114
Belarus,59282.886,8267,0.06491284626114718,0.16399354737860272
Belgium,527814.697,65559,0.5779400530658204,1.3005023554607253
Belize,2628.924,1719,0.0028785869069235274,0.03410002515347987
Benin,17613.823,2690,0.019286567534348077,0.05336187763982597
Bhutan,2698.34,1656,0.0029545951858737764,0.0328502860117293
Bolivia,38759.495,3853,0.042440395700281915,0.0764324589391262
Bosnia and Herzegovina,20628.534,4104,0.022587578751392896,0.08141157837689435
Botswana,18043.654,3424,0.019757218602537895,0.06792233049768183
Brazil,1960342.279,111872,2.146511507148183,2.219219321681268
Brunei Darussalam,13089.149,4465,0.014332195580462264,0.08857278203041746
Bulgaria,63583.679,10415,0.06962207574788333,0.20660370097352695
Burkina Faso,17139.502,2656,0.018767201352488553,0.05268741524586534
Burundi,3614.653,2992,0.0039579283383132605,0.05935269066853507
Cabo Verde,2239.421,1689,0.002452093696770843,0.03350491127645579
Cambodia,26303.472,3202,0.028801452649764546,0.06351848780770364
Cameroon,41778.277,4212,0.045745864530897185,0.08355398833418104
Canada,1769644.439,111691,1.9377035289021027,2.2156288012898893
Central African Republic,2070.071,2566,0.0022666609141238367,0.050902073614793104
Chad,15440.351,2854,0.016906685863457293,0.05661516683422429
Chile,281483.815,18895,0.30821568990578824,0.3748225568790006
China,17174196.329,306281,18.805190522660034,6.075735778960423
Colombia,356603.2,21897,0.3904689913010159,0.4343736188398771
Comoros,1263.971,1630,0.001384007438530379,0.03233452065164176
"Congo, Dem. Rep.",54897.806,12112,0.060111325230561195,0.2402673092838558
"Congo, Rep.",10541.171,3072,0.011542241930250547,0.06093966100726594
Costa Rica,72657.911,5146,0.07955806683229143,0.1020818670388641
Cote d'Ivoire,72095.059,7956,0.07894176206359682,0.1578242001867864
Croatia,65975.528,8626,0.0722410731836168,0.17111507677365756
Cyprus,28946.188,4490,0.03169514135142246,0.08906871026127086
Czech Republic,214787.577,23254,0.23518546253981815,0.46129260321059967
Denmark,366305.865,35846,0.40109309623187933,0.7110817345268409
Djibouti,3481.337,1770,0.0038119516223323433,0.03511171874442081
Dominica,552.88,1567,6.053857506340541e-4,0.031084781509891187
Dominican Republic,101055.704,6226,0.11065273336328457,0.12350596661173104
Ecuador,101632.761,8429,0.11128459214838014,0.16720716231453275
"Egypt, Arab Rep.",478416.794,21823,0.5238509440595204,0.432905671276551
El Salvador,27715.648,4324,0.030347739778594306,0.08577574680840427
Equatorial Guinea,9416.791,3027,0.010311082130116849,0.06004699019172982
Eritrea,2459.528,1611,0.0026931037557616,0.031957615196193175
Estonia,27207.282,3888,0.029791095420855132,0.07712675846232096
Eswatini,4715.899,2237,0.00516375715531288,0.04437565809676234
Ethiopia,106396.85,4459,0.11650111579791068,0.08845375925501264
Fiji,5303.979,2436,0.005807685769538162,0.04832324681435542
Finland,260228.597,25558,0.28494191240647476,0.5069973489660491
France,2661082.251,203003,2.913799153560616,4.02699674591732
Gabon,16108.685,3612,0.017638490016735144,0.07165171079369942
"Gambia, The",1931.397,2074,0.002114817361122414,0.04114220603159816
Georgia,21499.806,3556,0.023541593462951343,0.07054083155658779
Germany,3621192.944,267796,3.9650893658554844,5.312303860384698
Ghana,70756.691,8832,0.0774762923119245,0.17520152539588957
Greece,219301.332,25741,0.2401278785412167,0.510627543615896
Grenada,1124.157,1616,0.0012309156223331034,0.032056800842363856
Guatemala,80822.04,5738,0.0884975245137743,0.11382544754547266
Guinea,14513.18,3594,0.015891463551561173,0.07129464246748496
Guinea-Bissau,1489.954,1736,0.0016314515278183536,0.03443725635046018
Guyana,19822.526,3270,0.02170502601282928,0.06486741259562488
Haiti,13581.475,3090,0.01487127665604225,0.06129672933348039
Honduras,26804.508,3950,0.029350070894147928,0.0783566604748374
Hungary,155549.226,20852,0.17032138066588792,0.4136438187902049
Iceland,22517.926,4670,0.02465640199361902,0.09263939352341535
India,3224749.043,132596,3.5309960931902085,2.6303239879295037
Indonesia,1178463.126,47936,1.2903790770656631,0.9509126269675457
"Iran, Islamic Rep.",513860.382,37123,0.5626605286466715,0.7364137485588326
Iraq,185907.425,18090,0.20356262847646703,0.35885366784552114
Ireland,488562.752,35951,0.5349604405139617,0.7131646330964251
Israel,416490.465,20661,0.4560436130551859,0.4098549271064849
Italy,1972321.224,152152,2.159628065190848,3.0182588872322684
Jamaica,14980.856,5281,0.016403553672950138,0.10475987948547248
Japan,4595077.672,309657,5.0314617017897225,6.142705927254866
Jordan,44060.561,4883,0.04824489182886436,0.09686470205028633
Kazakhstan,237850.217,13036,0.2604383087777052,0.2585968166961975
Kenya,98304.349,6880,0.1076400884639651,0.13647944913085602
Kiribati,190.185,1564,2.0824643500278101e-4,0.03102527012218878
"Korea, Rep.",1764955.272,87279,1.9325690424237647,1.7313648024261603
Kosovo,NA,2278,NA,0.04518898039536192
Kuwait,114045.95,20787,0.12487663335176494,0.4123544053899861
Kyrgyz Republic,8563.259,3228,0.009376492145834211,0.06403425316779117
Lao PDR,21327.178,2510,0.023352571376132402,0.04979119437768148
Latvia,30928.803,4775,0.03386604076900554,0.09472229209299964
Lebanon,31093.945,7787,0.03404686592750505,0.15447172534621742
Lesotho,2213.019,2150,0.00242318435914199,0.04264982785339251
Liberia,2987.928,4036,0.0032716846967163,0.08006265358897309
Libya,49580.815,17184,0.05428939174110687,0.34088122875939386
Liechtenstein,7080.056,2452,0.007752432745064277,0.04864064088210159
Lithuania,52201.393,5868,0.0571588400474755,0.11640427434591034
Luxembourg,70995.513,14670,0.07773779469171384,0.29101068586477585
Madagascar,13883.898,3896,0.015202420077515266,0.07728545549619405
Malawi,11597.123,2840,0.012698475279537064,0.05633744702494638
Malaysia,400991.293,37790,0.43907252009572584,0.7496451137580012
Maldives,6233.991,1664,0.006826018884714472,0.03300898304560239
Mali,19868.488,3318,0.021755352918976442,0.0658195947988634
Malta,17552.464,3135,0.019219381410282902,0.06218940014901652
Marshall Islands,227.22,1501,2.48798564352246e-4,0.02977553098043821
Mauritania,8246.362,2740,0.00902950016164473,0.05435373410153277
Mauritius,13797.958,2874,0.015108318552031456,0.057011909418907006
Mexico,1328703.228,90579,1.4548871383531157,1.7968273288988095
"Micronesia, Fed. Sts.",320.591,1524,3.5103679493112797e-4,0.03023178495282334
Moldova,8971.546,3177,0.009823553229557852,0.06302255957685024
Mongolia,15430.527,2175,0.01689592890061865,0.04314575608424591
Montenegro,5126.393,2057,0.005613234832784981,0.040804974834617855
Morocco,139855.706,10396,0.1531374829208247,0.20622679551807838
Mozambique,20181.023,3724,0.022097568653990214,0.07387346926792265
Myanmar,80226.331,6620,0.08784524239084626,0.13132179552998063
Namibia,11500.786,3363,0.012592989374713535,0.06671226561439954
Nauru,114.489,1480,1.2536175879818807e-4,0.02935895126652135
Nepal,32772.761,3021,0.03588511524803836,0.05992796741632501
Netherlands,896474.104,88817,0.9816102018051495,1.7618743071882614
New Zealand,222212.317,13973,0.24331531313698698,0.277184206788583
Nicaragua,15211.479,4052,0.016656078412438775,0.08038004765671927
Niger,14800.957,2768,0.016206570075870636,0.054909173720088585
Nigeria,549649.666,25997,0.6018486391932554,0.5157058486998348
North Macedonia,11633.705,2855,0.012738531388511337,0.05663500396345842
Norway,437895.702,38999,0.47948165651623503,0.7736282030020718
Oman,87385.129,6896,0.09568389508377703,0.1367968431986022
Pakistan,409375.704,21762,0.44825317945554977,0.43169560639326865
Palau,212.826,1501,2.3303759905303714e-4,0.02977553098043821
Panama,74569.713,5220,0.08165142830102551,0.10354981460219018
Papua New Guinea,25858.429,4084,0.028314144932684113,0.08101483579221162
Paraguay,42981.489,3466,0.04706334282599178,0.06875548992551554
Peru,223542.992,14797,0.24477235930202274,0.2935300012775111
Philippines,429942.57,21881,0.4707732337378533,0.4340562247721309
Poland,632272.679,42406,0.692318170998805,0.8412133023027732
Portugal,238306.125,22053,0.26093751331901627,0.4374682110004023
Qatar,175916.241,8803,0.19262260455524916,0.17462624864809964
Romania,240275.085,19566,0.26309346095244196,0.38813327059510594
Russian Federation,1524509.849,130489,1.6692890668605724,2.588527156633179
Rwanda,13643.045,3054,0.01493869381829543,0.0605825926810515
Samoa,851.176,1614,9.320102403445441e-4,0.032017126583895585
San Marino,1609.161,1944,0.0017619793442990254,0.03856337923116048
Sao Tome and Principe,386.74,1600,4.2346781435431566e-4,0.03173940677461768
Saudi Arabia,760166.138,101378,0.83235737964788,2.0110484874982446
Senegal,26803.741,4688,0.02934923105391002,0.0929964618496298
Serbia,51063.467,8000,0.055912847814665476,0.1586970338730884
Seychelles,1903.32,1681,0.0020840739525698304,0.033346214242582696
Sierra Leone,5590.427,3526,0.006121337081753514,0.0699457176795637
Singapore,383043.872,40371,0.419420673521369,0.8008447443113064
Slovak Republic,104578.555,11462,0.11451014147536483,0.22737317528166737
Slovenia,54636.194,7317,0.05982486853653198,0.14514827460617347
Solomon Islands,1410.438,1660,0.0015443840749399399,0.03292963452866584
Somalia,9521.657,3086,0.010425907014587243,0.06121738081654385
South Africa,362629.441,31964,0.3970675306428021,0.6340739988399247
South Sudan,6366.156,3912,0.006970735292854665,0.07760284956394023
Spain,1375076.686,96807,1.5056645777266267,1.9203729697690086
Sri Lanka,85170.768,7240,0.09325924127796062,0.143620815655145
St. Kitts and Nevis,1000.65,1577,0.0010956794446750943,0.031283152802232546
St. Lucia,1974.949,1666,0.0021625053950748343,0.03304865730407066
St. Vincent and the Grenadines,935.822,1569,0.0010246948776042935,0.03112445576835946
Sudan,81251.191,7754,0.08896743100391748,0.1538171000814909
Suriname,4501.69,2741,0.004929205215909085,0.05437357123076691
Sweden,582227.876,45752,0.6375207273772445,0.9075883367201925
Switzerland,798059.708,59163,0.8738496154289791,1.173624076879191
Syrian Arab Republic,19551.017,4388,0.02140773242331817,0.08704532307938899
Tajikistan,14455.678,3192,0.015828500717975296,0.06332011651536226
Tanzania,76465.284,5430,0.08372701734876668,0.10771561174135874
Thailand,461094.517,33571,0.504883609982802,0.6659522655191813
Timor-Leste,1841.232,1708,0.0020160895970399374,0.03388181673190437
Togo,8227.859,2920,0.009009239974001876,0.05792441736367726
Tonga,439.791,1590,4.8155694663778987e-4,0.03154103548227632
Trinidad and Tobago,22253.864,6150,0.02436726262868643,0.12199834478993671
Tunisia,51188.847,6904,0.056050134866854916,0.13695554023247528
Turkey,1248136.944,48038,1.3666696584024276,0.9529360141494275
Turkmenistan,39696.169,3838,0.04346602349037995,0.07613490200061415
Tuvalu,46.031,1477,5.040245891954157e-5,0.029299439878818945
Uganda,41748.849,5062,0.04571364182096075,0.10041554818319667
Ukraine,75551.565,21570,0.08272652454258161,0.4278868775803146
United Arab Emirates,443708.666,24564,0.48584666442852836,0.4872792425073179
United Kingdom,3212711.961,203003,3.517815877009457,4.02699674591732
United States,21865706.841,831394,23.942243070979153,16.492470222485306
Uruguay,63149.461,5743,0.06914662105632492,0.11392463319164334
Uzbekistan,130501.048,6964,0.14289443441978497,0.13814576798652345
Vanuatu,862.931,1690,9.448815858421266e-4,0.03352474840568992
"Venezuela, RB",108341.82,38679,0.11863079515583774,0.7672803216471483
Vietnam,375374.112,12983,0.4110225339345092,0.2575454488467883
"Yemen, Rep.",19192.593,6322,0.021015269714800486,0.12541033101820812
Zambia,26553.383,11234,0.029075097126552835,0.2228503098162844
Zimbabwe,22023.157,8520,0.024114645911909673,0.16901234107483915
