Year,Commodity,Commodity Label,Index Base 2015,Index Base 2015 Footnote,Index Base 2015 Missing value,Growth rate (over previous period),Growth rate (over previous period) Footnote,Growth rate (over previous period) Missing value
1995,IN0001.20,"All groups",46.28,,,,,"No value reported or collected"
1995,IN0001.01,"All food",79.55,,,,,"No value reported or collected"
1995,IN0001.02,"Food",80.53,,,,,"No value reported or collected"
1995,IN0001.03,"Tropical beverages",87.24,,,,,"No value reported or collected"
1995,IN0001.04,"Vegetable oilseeds and oils",73.45,,,,,"No value reported or collected"
1995,IN0001.06,"Agricultural raw materials",99.15,,,,,"No value reported or collected"
1995,IN0001.07,"Minerals, ores and metals",44.39,,,,,"No value reported or collected"
1995,IN0001.08,"Minerals, ores and non-precious metals",58.28,,,,,"No value reported or collected"
1995,IN0001.09,"Precious metals",33.41,,,,,"No value reported or collected"
1995,IN0001.10,"Fuels",36.64,,,,,"No value reported or collected"
1995,IN0001.31,"Selected groups",,,"No value reported or collected",,,"No value reported or collected"
1995,IN0001.05,"Tropical beverages and food",82.19,,,,,"No value reported or collected"
1995,IN0001.22,"All groups excl. fuels",61.9,,,,,"No value reported or collected"
1995,IN0001.23,"All groups excl. precious metals",48.01,,,,,"No value reported or collected"
1995,IN0001.24,"All groups excl. precious metals and fuels",74.73,,,,,"No value reported or collected"
1996,IN0001.20,"All groups",50.22,,,8.5134,,
1996,IN0001.01,"All food",78.21,,,-1.6845,,
1996,IN0001.02,"Food",80.79,,,0.3229,,
1996,IN0001.03,"Tropical beverages",72.27,,,-17.1596,,
1996,IN0001.04,"Vegetable oilseeds and oils",77.12,,,4.9966,,
1996,IN0001.06,"Agricultural raw materials",90.65,,,-8.5729,,
1996,IN0001.07,"Minerals, ores and metals",42.1,,,-5.1588,,
1996,IN0001.08,"Minerals, ores and non-precious metals",52.89,,,-9.2485,,
1996,IN0001.09,"Precious metals",33.57,,,0.4789,,
1996,IN0001.10,"Fuels",44.6,,,21.7249,,
1996,IN0001.31,"Selected groups",,,"No value reported or collected",,,"No value reported or collected"
1996,IN0001.05,"Tropical beverages and food",78.69,,,-4.2584,,
1996,IN0001.22,"All groups excl. fuels",59.34,,,-4.1357,,
1996,IN0001.23,"All groups excl. precious metals",52.46,,,9.2689,,
1996,IN0001.24,"All groups excl. precious metals and fuels",70.95,,,-5.0582,,
1997,IN0001.20,"All groups",48.14,,,-4.1418,,
1997,IN0001.01,"All food",80.19,,,2.5316,,
1997,IN0001.02,"Food",77.2,,,-4.4436,,
1997,IN0001.03,"Tropical beverages",97,,,34.2189,,
1997,IN0001.04,"Vegetable oilseeds and oils",75.83,,,-1.6727,,
1997,IN0001.06,"Agricultural raw materials",83.86,,,-7.4903,,
1997,IN0001.07,"Minerals, ores and metals",39.59,,,-5.962,,
1997,IN0001.08,"Minerals, ores and non-precious metals",52.84,,,-0.0945,,
1997,IN0001.09,"Precious metals",29.12,,,-13.2559,,
1997,IN0001.10,"Fuels",42.07,,,-5.6726,,
1997,IN0001.31,"Selected groups",,,"No value reported or collected",,,"No value reported or collected"
1997,IN0001.05,"Tropical beverages and food",82.08,,,4.308,,
1997,IN0001.22,"All groups excl. fuels",57.98,,,-2.2919,,
1997,IN0001.23,"All groups excl. precious metals",50.69,,,-3.374,,
1997,IN0001.24,"All groups excl. precious metals and fuels",70.97,,,0.0282,,
1998,IN0001.20,"All groups",38.49,,,-20.0457,,
1998,IN0001.01,"All food",72.57,,,-9.5024,,
1998,IN0001.02,"Food",70.73,,,-8.3808,,
1998,IN0001.03,"Tropical beverages",79.1,,,-18.4536,,
1998,IN0001.04,"Vegetable oilseeds and oils",72.04,,,-4.998,,
1998,IN0001.06,"Agricultural raw materials",67.66,,,-19.3179,,
1998,IN0001.07,"Minerals, ores and metals",34.7,,,-12.3516,,
1998,IN0001.08,"Minerals, ores and non-precious metals",45.04,,,-14.7615,,
1998,IN0001.09,"Precious metals",26.53,,,-8.8942,,
1998,IN0001.10,"Fuels",30.75,,,-26.9075,,
1998,IN0001.31,"Selected groups",,,"No value reported or collected",,,"No value reported or collected"
1998,IN0001.05,"Tropical beverages and food",72.8,,,-11.306,,
1998,IN0001.22,"All groups excl. fuels",51.05,,,-11.9524,,
1998,IN0001.23,"All groups excl. precious metals",40.1,,,-20.8917,,
1998,IN0001.24,"All groups excl. precious metals and fuels",62.09,,,-12.5123,,
1999,IN0001.20,"All groups",41.12,,,6.8329,,
1999,IN0001.01,"All food",59.39,,,-18.1618,,
1999,IN0001.02,"Food",60.79,,,-14.0534,,
1999,IN0001.03,"Tropical beverages",61.6,,,-22.1239,,
1999,IN0001.04,"Vegetable oilseeds and oils",55.69,,,-22.6957,,
1999,IN0001.06,"Agricultural raw materials",66.77,,,-1.3154,,
1999,IN0001.07,"Minerals, ores and metals",33.64,,,-3.0548,,
1999,IN0001.08,"Minerals, ores and non-precious metals",44.27,,,-1.7096,,
1999,IN0001.09,"Precious metals",25.25,,,-4.8247,,
1999,IN0001.10,"Fuels",38.23,,,24.3252,,
1999,IN0001.31,"Selected groups",,,"No value reported or collected",,,"No value reported or collected"
1999,IN0001.05,"Tropical beverages and food",60.99,,,-16.2225,,
1999,IN0001.22,"All groups excl. fuels",45.79,,,-10.3036,,
1999,IN0001.23,"All groups excl. precious metals",43.25,,,7.8554,,
1999,IN0001.24,"All groups excl. precious metals and fuels",55.05,,,-11.3384,,
2000,IN0001.20,"All groups",56.21,,,36.6975,,
2000,IN0001.01,"All food",58.22,,,-1.97,,
2000,IN0001.02,"Food",64.04,,,5.3463,,
2000,IN0001.03,"Tropical beverages",53.15,,,-13.7175,,
2000,IN0001.04,"Vegetable oilseeds and oils",50.96,,,-8.4934,,
2000,IN0001.06,"Agricultural raw materials",69,,,3.3398,,
2000,IN0001.07,"Minerals, ores and metals",36.4,,,8.2045,,
2000,IN0001.08,"Minerals, ores and non-precious metals",49.77,,,12.4238,,
2000,IN0001.09,"Precious metals",25.83,,,2.297,,
2000,IN0001.10,"Fuels",61.81,,,61.6793,,
2000,IN0001.31,"Selected groups",,,"No value reported or collected",,,"No value reported or collected"
2000,IN0001.05,"Tropical beverages and food",61.36,,,0.6067,,
2000,IN0001.22,"All groups excl. fuels",47.13,,,2.9264,,
2000,IN0001.23,"All groups excl. precious metals",60.29,,,39.3988,,
2000,IN0001.24,"All groups excl. precious metals and fuels",56.72,,,3.0336,,
2001,IN0001.20,"All groups",51.43,,,-8.5038,,
2001,IN0001.01,"All food",54.46,,,-6.4583,,
2001,IN0001.02,"Food",63.21,,,-1.2961,,
2001,IN0001.03,"Tropical beverages",40.03,,,-24.6849,,
2001,IN0001.04,"Vegetable oilseeds and oils",47.44,,,-6.9074,,
2001,IN0001.06,"Agricultural raw materials",63.38,,,-8.1449,,
2001,IN0001.07,"Minerals, ores and metals",34.35,,,-5.6319,,
2001,IN0001.08,"Minerals, ores and non-precious metals",46.37,,,-6.8314,,
2001,IN0001.09,"Precious metals",24.86,,,-3.7553,,
2001,IN0001.10,"Fuels",55.92,,,-9.5292,,
2001,IN0001.31,"Selected groups",,,"No value reported or collected",,,"No value reported or collected"
2001,IN0001.05,"Tropical beverages and food",57.49,,,-6.307,,
2001,IN0001.22,"All groups excl. fuels",44.15,,,-6.3229,,
2001,IN0001.23,"All groups excl. precious metals",55,,,-8.7743,,
2001,IN0001.24,"All groups excl. precious metals and fuels",52.83,,,-6.8583,,
2002,IN0001.20,"All groups",50.32,,,-2.1583,,
2002,IN0001.01,"All food",54.88,,,0.7712,,
2002,IN0001.02,"Food",58.03,,,-8.1949,,
2002,IN0001.03,"Tropical beverages",43.45,,,8.5436,,
2002,IN0001.04,"Vegetable oilseeds and oils",55.91,,,17.8541,,
2002,IN0001.06,"Agricultural raw materials",66.99,,,5.6958,,
2002,IN0001.07,"Minerals, ores and metals",35.46,,,3.2314,,
2002,IN0001.08,"Minerals, ores and non-precious metals",44.92,,,-3.127,,
2002,IN0001.09,"Precious metals",27.98,,,12.5503,,
2002,IN0001.10,"Fuels",53.44,,,-4.4349,,
2002,IN0001.31,"Selected groups",,,"No value reported or collected",,,"No value reported or collected"
2002,IN0001.05,"Tropical beverages and food",54.43,,,-5.3227,,
2002,IN0001.22,"All groups excl. fuels",45.26,,,2.5142,,
2002,IN0001.23,"All groups excl. precious metals",53.32,,,-3.0545,,
2002,IN0001.24,"All groups excl. precious metals and fuels",53.03,,,0.3786,,
2003,IN0001.20,"All groups",60.46,,,20.151,,
2003,IN0001.01,"All food",59.87,,,9.0926,,
2003,IN0001.02,"Food",59.74,,,2.9468,,
2003,IN0001.03,"Tropical beverages",46.09,,,6.0759,,
2003,IN0001.04,"Vegetable oilseeds and oils",67.92,,,21.481,,
2003,IN0001.06,"Agricultural raw materials",74.42,,,11.0912,,
2003,IN0001.07,"Minerals, ores and metals",40.04,,,12.916,,
2003,IN0001.08,"Minerals, ores and non-precious metals",49.2,,,9.528,,
2003,IN0001.09,"Precious metals",32.8,,,17.2266,,
2003,IN0001.10,"Fuels",66.76,,,24.9251,,
2003,IN0001.31,"Selected groups",,,"No value reported or collected",,,"No value reported or collected"
2003,IN0001.05,"Tropical beverages and food",56.38,,,3.5826,,
2003,IN0001.22,"All groups excl. fuels",50.25,,,11.0252,,
2003,IN0001.23,"All groups excl. precious metals",64.18,,,20.3676,,
2003,IN0001.24,"All groups excl. precious metals and fuels",58.11,,,9.5795,,
2004,IN0001.20,"All groups",72.8,,,20.4102,,
2004,IN0001.01,"All food",65.18,,,8.8692,,
2004,IN0001.02,"Food",62.85,,,5.2059,,
2004,IN0001.03,"Tropical beverages",50.7,,,10.0022,,
2004,IN0001.04,"Vegetable oilseeds and oils",77.48,,,14.0754,,
2004,IN0001.06,"Agricultural raw materials",80.92,,,8.7342,,
2004,IN0001.07,"Minerals, ores and metals",49.19,,,22.8521,,
2004,IN0001.08,"Minerals, ores and non-precious metals",63.65,,,29.3699,,
2004,IN0001.09,"Precious metals",37.76,,,15.122,,
2004,IN0001.10,"Fuels",82.05,,,22.9029,,
2004,IN0001.31,"Selected groups",,,"No value reported or collected",,,"No value reported or collected"
2004,IN0001.05,"Tropical beverages and food",59.85,,,6.1547,,
2004,IN0001.22,"All groups excl. fuels",57.81,,,15.0448,,
2004,IN0001.23,"All groups excl. precious metals",77.51,,,20.7697,,
2004,IN0001.24,"All groups excl. precious metals and fuels",66.84,,,15.0232,,
2005,IN0001.20,"All groups",98.24,,,34.9451,,
2005,IN0001.01,"All food",68.22,,,4.664,,
2005,IN0001.02,"Food",68.64,,,9.2124,,
2005,IN0001.03,"Tropical beverages",64.5,,,27.2189,,
2005,IN0001.04,"Vegetable oilseeds and oils",69.61,,,-10.1575,,
2005,IN0001.06,"Agricultural raw materials",86.26,,,6.5991,,
2005,IN0001.07,"Minerals, ores and metals",60.58,,,23.1551,,
2005,IN0001.08,"Minerals, ores and non-precious metals",85.35,,,34.0927,,
2005,IN0001.09,"Precious metals",41,,,8.5805,,
2005,IN0001.10,"Fuels",118.3,,,44.1804,,
2005,IN0001.31,"Selected groups",,,"No value reported or collected",,,"No value reported or collected"
2005,IN0001.05,"Tropical beverages and food",67.62,,,12.9825,,
2005,IN0001.22,"All groups excl. fuels",65.72,,,13.6828,,
2005,IN0001.23,"All groups excl. precious metals",105.93,,,36.6662,,
2005,IN0001.24,"All groups excl. precious metals and fuels",76.84,,,14.9611,,
2006,IN0001.20,"All groups",113.25,,,15.2789,,
2006,IN0001.01,"All food",75.86,,,11.1991,,
2006,IN0001.02,"Food",80.71,,,17.5845,,
2006,IN0001.03,"Tropical beverages",69.79,,,8.2016,,
2006,IN0001.04,"Vegetable oilseeds and oils",70.87,,,1.8101,,
2006,IN0001.06,"Agricultural raw materials",103.47,,,19.9513,,
2006,IN0001.07,"Minerals, ores and metals",86.31,,,42.4728,,
2006,IN0001.08,"Minerals, ores and non-precious metals",124.45,,,45.8114,,
2006,IN0001.09,"Precious metals",56.17,,,37,,
2006,IN0001.10,"Fuels",131.08,,,10.803,,
2006,IN0001.31,"Selected groups",,,"No value reported or collected",,,"No value reported or collected"
2006,IN0001.05,"Tropical beverages and food",78.02,,,15.3801,,
2006,IN0001.22,"All groups excl. fuels",84.33,,,28.3171,,
2006,IN0001.23,"All groups excl. precious metals",120.92,,,14.1509,,
2006,IN0001.24,"All groups excl. precious metals and fuels",97.02,,,26.2624,,
2007,IN0001.20,"All groups",125.11,,,10.4724,,
2007,IN0001.01,"All food",85.73,,,13.0108,,
2007,IN0001.02,"Food",78.1,,,-3.2338,,
2007,IN0001.03,"Tropical beverages",76.19,,,9.1704,,
2007,IN0001.04,"Vegetable oilseeds and oils",104.43,,,47.3543,,
2007,IN0001.06,"Agricultural raw materials",114.74,,,10.892,,
2007,IN0001.07,"Minerals, ores and metals",97.78,,,13.2893,,
2007,IN0001.08,"Minerals, ores and non-precious metals",139.59,,,12.1655,,
2007,IN0001.09,"Precious metals",64.74,,,15.2573,,
2007,IN0001.10,"Fuels",143.53,,,9.498,,
2007,IN0001.31,"Selected groups",,,"No value reported or collected",,,"No value reported or collected"
2007,IN0001.05,"Tropical beverages and food",77.63,,,-0.4999,,
2007,IN0001.22,"All groups excl. fuels",95.23,,,12.9254,,
2007,IN0001.23,"All groups excl. precious metals",133.22,,,10.172,,
2007,IN0001.24,"All groups excl. precious metals and fuels",108.96,,,12.3067,,
2008,IN0001.20,"All groups",166.93,,,33.4266,,
2008,IN0001.01,"All food",113.7,,,32.6257,,
2008,IN0001.02,"Food",105.36,,,34.904,,
2008,IN0001.03,"Tropical beverages",90.85,,,19.2414,,
2008,IN0001.04,"Vegetable oilseeds and oils",141.21,,,35.2198,,
2008,IN0001.06,"Agricultural raw materials",124.34,,,8.3667,,
2008,IN0001.07,"Minerals, ores and metals",117.04,,,19.6973,,
2008,IN0001.08,"Minerals, ores and non-precious metals",164.04,,,17.5156,,
2008,IN0001.09,"Precious metals",79.91,,,23.4322,,
2008,IN0001.10,"Fuels",197.97,,,37.9294,,
2008,IN0001.31,"Selected groups",,,"No value reported or collected",,,"No value reported or collected"
2008,IN0001.05,"Tropical beverages and food",101.78,,,31.1091,,
2008,IN0001.22,"All groups excl. fuels",116.59,,,22.4299,,
2008,IN0001.23,"All groups excl. precious metals",178.62,,,34.079,,
2008,IN0001.24,"All groups excl. precious metals and fuels",133.1,,,22.1549,,
2009,IN0001.20,"All groups",114.16,,,-31.6121,,
2009,IN0001.01,"All food",101.83,,,-10.4398,,
2009,IN0001.02,"Food",102.02,,,-3.1701,,
2009,IN0001.03,"Tropical beverages",91.84,,,1.0897,,
2009,IN0001.04,"Vegetable oilseeds and oils",107.18,,,-24.0989,,
2009,IN0001.06,"Agricultural raw materials",103.99,,,-16.3664,,
2009,IN0001.07,"Minerals, ores and metals",102,,,-12.8503,,
2009,IN0001.08,"Minerals, ores and non-precious metals",122.36,,,-25.4084,,
2009,IN0001.09,"Precious metals",85.92,,,7.521,,
2009,IN0001.10,"Fuels",121.57,,,-38.5917,,
2009,IN0001.31,"Selected groups",,,"No value reported or collected",,,"No value reported or collected"
2009,IN0001.05,"Tropical beverages and food",99.51,,,-2.2303,,
2009,IN0001.22,"All groups excl. fuels",102.13,,,-12.4024,,
2009,IN0001.23,"All groups excl. precious metals",117.95,,,-33.966,,
2009,IN0001.24,"All groups excl. precious metals and fuels",109.44,,,-17.7761,,
2010,IN0001.20,"All groups",141.87,,,24.273,,
2010,IN0001.01,"All food",114.04,,,11.9906,,
2010,IN0001.02,"Food",111.33,,,9.1257,,
2010,IN0001.03,"Tropical beverages",110.01,,,19.7844,,
2010,IN0001.04,"Vegetable oilseeds and oils",121.06,,,12.9502,,
2010,IN0001.06,"Agricultural raw materials",142.44,,,36.9747,,
2010,IN0001.07,"Minerals, ores and metals",136.28,,,33.6078,,
2010,IN0001.08,"Minerals, ores and non-precious metals",170.09,,,39.0078,,
2010,IN0001.09,"Precious metals",109.56,,,27.514,,
2010,IN0001.10,"Fuels",149.71,,,23.1472,,
2010,IN0001.31,"Selected groups",,,"No value reported or collected",,,"No value reported or collected"
2010,IN0001.05,"Tropical beverages and food",111.01,,,11.5566,,
2010,IN0001.22,"All groups excl. fuels",129.15,,,26.4565,,
2010,IN0001.23,"All groups excl. precious metals",146.21,,,23.9593,,
2010,IN0001.24,"All groups excl. precious metals and fuels",137.97,,,26.0691,,
2011,IN0001.20,"All groups",182.38,,,28.5543,,
2011,IN0001.01,"All food",141.37,,,23.9653,,
2011,IN0001.02,"Food",134.85,,,21.1264,,
2011,IN0001.03,"Tropical beverages",144.36,,,31.2244,,
2011,IN0001.04,"Vegetable oilseeds and oils",151.03,,,24.7563,,
2011,IN0001.06,"Agricultural raw materials",177.4,,,24.5437,,
2011,IN0001.07,"Minerals, ores and metals",164.26,,,20.5313,,
2011,IN0001.08,"Minerals, ores and non-precious metals",190.85,,,12.2053,,
2011,IN0001.09,"Precious metals",143.25,,,30.7503,,
2011,IN0001.10,"Fuels",197.68,,,32.0419,,
2011,IN0001.31,"Selected groups",,,"No value reported or collected",,,"No value reported or collected"
2011,IN0001.05,"Tropical beverages and food",137.19,,,23.5835,,
2011,IN0001.22,"All groups excl. fuels",157.58,,,22.0132,,
2011,IN0001.23,"All groups excl. precious metals",187.64,,,28.336,,
2011,IN0001.24,"All groups excl. precious metals and fuels",164.03,,,18.8882,,
2012,IN0001.20,"All groups",176.88,,,-3.0157,,
2012,IN0001.01,"All food",132.2,,,-6.4865,,
2012,IN0001.02,"Food",127.36,,,-5.5543,,
2012,IN0001.03,"Tropical beverages",111.96,,,-22.4439,,
2012,IN0001.04,"Vegetable oilseeds and oils",152.13,,,0.7283,,
2012,IN0001.06,"Agricultural raw materials",143.39,,,-19.1714,,
2012,IN0001.07,"Minerals, ores and metals",152.88,,,-6.928,,
2012,IN0001.08,"Minerals, ores and non-precious metals",158.81,,,-16.7881,,
2012,IN0001.09,"Precious metals",148.19,,,3.4485,,
2012,IN0001.10,"Fuels",196.67,,,-0.5109,,
2012,IN0001.31,"Selected groups",,,"No value reported or collected",,,"No value reported or collected"
2012,IN0001.05,"Tropical beverages and food",123.56,,,-9.9351,,
2012,IN0001.22,"All groups excl. fuels",144.77,,,-8.1292,,
2012,IN0001.23,"All groups excl. precious metals",180.73,,,-3.6826,,
2012,IN0001.24,"All groups excl. precious metals and fuels",143.24,,,-12.6745,,
2013,IN0001.20,"All groups",170.25,,,-3.7483,,
2013,IN0001.01,"All food",119.5,,,-9.6067,,
2013,IN0001.02,"Food",119.66,,,-6.0459,,
2013,IN0001.03,"Tropical beverages",89.82,,,-19.7749,,
2013,IN0001.04,"Vegetable oilseeds and oils",136.1,,,-10.537,,
2013,IN0001.06,"Agricultural raw materials",130.81,,,-8.7733,,
2013,IN0001.07,"Minerals, ores and metals",138.41,,,-9.4649,,
2013,IN0001.08,"Minerals, ores and non-precious metals",155.67,,,-1.9772,,
2013,IN0001.09,"Precious metals",124.78,,,-15.7973,,
2013,IN0001.10,"Fuels",194.39,,,-1.1593,,
2013,IN0001.31,"Selected groups",,,"No value reported or collected",,,"No value reported or collected"
2013,IN0001.05,"Tropical beverages and food",112.31,,,-9.1049,,
2013,IN0001.22,"All groups excl. fuels",131.11,,,-9.4357,,
2013,IN0001.23,"All groups excl. precious metals",176.36,,,-2.418,,
2013,IN0001.24,"All groups excl. precious metals and fuels",133.96,,,-6.4786,,
2014,IN0001.20,"All groups",156.82,,,-7.8884,,
2014,IN0001.01,"All food",118.54,,,-0.8033,,
2014,IN0001.02,"Food",118.23,,,-1.1951,,
2014,IN0001.03,"Tropical beverages",111.48,,,24.1149,,
2014,IN0001.04,"Vegetable oilseeds and oils",123.1,,,-9.5518,,
2014,IN0001.06,"Agricultural raw materials",115.34,,,-11.8263,,
2014,IN0001.07,"Minerals, ores and metals",120.72,,,-12.7809,,
2014,IN0001.08,"Minerals, ores and non-precious metals",132.98,,,-14.5757,,
2014,IN0001.09,"Precious metals",111.04,,,-11.0114,,
2014,IN0001.10,"Fuels",179.87,,,-7.4695,,
2014,IN0001.31,"Selected groups",,,"No value reported or collected",,,"No value reported or collected"
2014,IN0001.05,"Tropical beverages and food",116.57,,,3.7931,,
2014,IN0001.22,"All groups excl. fuels",119.44,,,-8.9009,,
2014,IN0001.23,"All groups excl. precious metals",162.97,,,-7.5924,,
2014,IN0001.24,"All groups excl. precious metals and fuels",123.23,,,-8.0099,,
2015,IN0001.20,"All groups",100,,,-36.2326,,
2015,IN0001.01,"All food",100,,,-15.6403,,
2015,IN0001.02,"Food",100,,,-15.4191,,
2015,IN0001.03,"Tropical beverages",100,,,-10.2978,,
2015,IN0001.04,"Vegetable oilseeds and oils",100,,,-18.7652,,
2015,IN0001.06,"Agricultural raw materials",100,,,-13.2998,,
2015,IN0001.07,"Minerals, ores and metals",100,,,-17.1637,,
2015,IN0001.08,"Minerals, ores and non-precious metals",100,,,-24.8007,,
2015,IN0001.09,"Precious metals",100,,,-9.9424,,
2015,IN0001.10,"Fuels",100,,,-44.4043,,
2015,IN0001.31,"Selected groups",,,"No value reported or collected",,,"No value reported or collected"
2015,IN0001.05,"Tropical beverages and food",100,,,-14.2146,,
2015,IN0001.22,"All groups excl. fuels",100,,,-16.276,,
2015,IN0001.23,"All groups excl. precious metals",100,,,-38.639,,
2015,IN0001.24,"All groups excl. precious metals and fuels",100,,,-18.8509,,
2016,IN0001.20,"All groups",90.63,,,-9.37,,
2016,IN0001.01,"All food",103.63,,,3.63,,
2016,IN0001.02,"Food",103.97,,,3.97,,
2016,IN0001.03,"Tropical beverages",96.69,,,-3.31,,
2016,IN0001.04,"Vegetable oilseeds and oils",107,,,7,,
2016,IN0001.06,"Agricultural raw materials",99.64,,,-0.36,,
2016,IN0001.07,"Minerals, ores and metals",104.6,,,4.6,,
2016,IN0001.08,"Minerals, ores and non-precious metals",101.42,,,1.42,,
2016,IN0001.09,"Precious metals",107.12,,,7.12,,
2016,IN0001.10,"Fuels",82.52,,,-17.48,,
2016,IN0001.31,"Selected groups",,,"No value reported or collected",,,"No value reported or collected"
2016,IN0001.05,"Tropical beverages and food",102.18,,,2.18,,
2016,IN0001.22,"All groups excl. fuels",103.79,,,3.79,,
2016,IN0001.23,"All groups excl. precious metals",88.41,,,-11.59,,
2016,IN0001.24,"All groups excl. precious metals and fuels",102.28,,,2.28,,
2017,IN0001.20,"All groups",106.36,,,17.3563,,
2017,IN0001.01,"All food",102.3,,,-1.2834,,
2017,IN0001.02,"Food",102.73,,,-1.1927,,
2017,IN0001.03,"Tropical beverages",93.67,,,-3.1234,,
2017,IN0001.04,"Vegetable oilseeds and oils",106.45,,,-0.514,,
2017,IN0001.06,"Agricultural raw materials",104.93,,,5.3091,,
2017,IN0001.07,"Minerals, ores and metals",116.37,,,11.2524,,
2017,IN0001.08,"Minerals, ores and non-precious metals",127.5,,,25.7148,,
2017,IN0001.09,"Precious metals",107.58,,,0.4294,,
2017,IN0001.10,"Fuels",103.89,,,25.8968,,
2017,IN0001.31,"Selected groups",,,"No value reported or collected",,,"No value reported or collected"
2017,IN0001.05,"Tropical beverages and food",100.5,,,-1.6442,,
2017,IN0001.22,"All groups excl. fuels",110.38,,,6.3494,,
2017,IN0001.23,"All groups excl. precious metals",106.2,,,20.1222,,
2017,IN0001.24,"All groups excl. precious metals and fuels",111.63,,,9.1416,,
2018,IN0001.20,"All groups",123.42,,,16.0399,,
2018,IN0001.01,"All food",95.64,,,-6.5103,,
2018,IN0001.02,"Food",96.46,,,-6.1034,,
2018,IN0001.03,"Tropical beverages",85.68,,,-8.5299,,
2018,IN0001.04,"Vegetable oilseeds and oils",99.87,,,-6.1813,,
2018,IN0001.06,"Agricultural raw materials",103.09,,,-1.7535,,
2018,IN0001.07,"Minerals, ores and metals",117.83,,,1.2546,,
2018,IN0001.08,"Minerals, ores and non-precious metals",130.83,,,2.6118,,
2018,IN0001.09,"Precious metals",107.55,,,-0.0279,,
2018,IN0001.10,"Fuels",132.51,,,27.5484,,
2018,IN0001.31,"Selected groups",,,"No value reported or collected",,,"No value reported or collected"
2018,IN0001.05,"Tropical beverages and food",93.8,,,-6.6667,,
2018,IN0001.22,"All groups excl. fuels",108.69,,,-1.5311,,
2018,IN0001.23,"All groups excl. precious metals",125.55,,,18.2203,,
2018,IN0001.24,"All groups excl. precious metals and fuels",109.2,,,-2.1768,,
2019,IN0001.20,"All groups",114.23,,,-7.4461,,
2019,IN0001.01,"All food",93.76,,,-1.9657,,
2019,IN0001.02,"Food",98.25,,,1.8557,,
2019,IN0001.03,"Tropical beverages",81.32,,,-5.0887,,
2019,IN0001.04,"Vegetable oilseeds and oils",93.02,,,-6.8589,,
2019,IN0001.06,"Agricultural raw materials",99.05,,,-3.9189,,
2019,IN0001.07,"Minerals, ores and metals",125.12,,,6.1869,,
2019,IN0001.08,"Minerals, ores and non-precious metals",135.3,,,3.4166,,
2019,IN0001.09,"Precious metals",117.07,,,8.8517,,
2019,IN0001.10,"Fuels",115.78,,,-12.6255,,
2019,IN0001.31,"Selected groups",,,"No value reported or collected",,,"No value reported or collected"
2019,IN0001.05,"Tropical beverages and food",94.08,,,0.2985,,
2019,IN0001.22,"All groups excl. fuels",111.7,,,2.7693,,
2019,IN0001.23,"All groups excl. precious metals",113.84,,,-9.327,,
2019,IN0001.24,"All groups excl. precious metals and fuels",109.28,,,0.0733,,
2020,IN0001.20,"All groups",96.14,,,-15.8365,,
2020,IN0001.01,"All food",99.99,,,6.6446,,
2020,IN0001.02,"Food",101.53,,,3.3384,,
2020,IN0001.03,"Tropical beverages",85.22,,,4.7959,,
2020,IN0001.04,"Vegetable oilseeds and oils",105.72,,,13.653,,
2020,IN0001.06,"Agricultural raw materials",96.97,,,-2.0999,,
2020,IN0001.07,"Minerals, ores and metals",144.56,,,15.5371,,
2020,IN0001.08,"Minerals, ores and non-precious metals",140.33,,,3.7177,,
2020,IN0001.09,"Precious metals",147.9,,,26.3347,,
2020,IN0001.10,"Fuels",78.68,,,-32.0435,,
2020,IN0001.31,"Selected groups",,,"No value reported or collected",,,"No value reported or collected"
2020,IN0001.05,"Tropical beverages and food",97.51,,,3.6458,,
2020,IN0001.22,"All groups excl. fuels",124.47,,,11.4324,,
2020,IN0001.23,"All groups excl. precious metals",89.19,,,-21.6532,,
2020,IN0001.24,"All groups excl. precious metals and fuels",113.92,,,4.246,,
2021,IN0001.20,"All groups",148.73,,,54.7015,,
2021,IN0001.01,"All food",129.83,,,29.843,,
2021,IN0001.02,"Food",120.67,,,18.8516,,
2021,IN0001.03,"Tropical beverages",109.33,,,28.2915,,
2021,IN0001.04,"Vegetable oilseeds and oils",157.43,,,48.9122,,
2021,IN0001.06,"Agricultural raw materials",110.03,,,13.4681,,
2021,IN0001.07,"Minerals, ores and metals",174.55,,,20.7457,,
2021,IN0001.08,"Minerals, ores and non-precious metals",201.47,,,43.5687,,
2021,IN0001.09,"Precious metals",153.28,,,3.6376,,
2021,IN0001.10,"Fuels",146.23,,,85.8541,,
2021,IN0001.31,"Selected groups",,,"No value reported or collected",,,"No value reported or collected"
2021,IN0001.05,"Tropical beverages and food",117.87,,,20.8799,,
2021,IN0001.22,"All groups excl. fuels",152.77,,,22.7364,,
2021,IN0001.23,"All groups excl. precious metals",148.11,,,66.0612,,
2021,IN0001.24,"All groups excl. precious metals and fuels",152.54,,,33.901,,
2022,IN0001.20,"All groups",207.51,,,39.5213,,
2022,IN0001.01,"All food",145.86,,,12.3469,,
2022,IN0001.02,"Food",129.35,,,7.1932,,
2022,IN0001.03,"Tropical beverages",134.07,,,22.6287,,
2022,IN0001.04,"Vegetable oilseeds and oils",181.3,,,15.1623,,
2022,IN0001.06,"Agricultural raw materials",108.2,,,-1.6632,,
2022,IN0001.07,"Minerals, ores and metals",169.19,,,-3.0708,,
2022,IN0001.08,"Minerals, ores and non-precious metals",191.98,,,-4.7104,,
2022,IN0001.09,"Precious metals",151.19,,,-1.3635,,
2022,IN0001.10,"Fuels",239.79,,,63.9814,,
2022,IN0001.31,"Selected groups",,,"No value reported or collected",,,"No value reported or collected"
2022,IN0001.05,"Tropical beverages and food",130.51,,,10.7237,,
2022,IN0001.22,"All groups excl. fuels",155.19,,,1.5841,,
2022,IN0001.23,"All groups excl. precious metals",215.08,,,45.2164,,
2022,IN0001.24,"All groups excl. precious metals and fuels",156.99,,,2.9173,,
2023,IN0001.20,"All groups",158.44,,,-23.6471,,
2023,IN0001.01,"All food",133.46,,,-8.5013,,
2023,IN0001.02,"Food",129.84,,,0.3788,,
2023,IN0001.03,"Tropical beverages",123.31,,,-8.0257,,
2023,IN0001.04,"Vegetable oilseeds and oils",145.52,,,-19.7352,,
2023,IN0001.06,"Agricultural raw materials",101.23,,,-6.4418,,
2023,IN0001.07,"Minerals, ores and metals",171.02,,,1.0816,,
2023,IN0001.08,"Minerals, ores and non-precious metals",181.45,,,-5.4849,,
2023,IN0001.09,"Precious metals",162.78,,,7.6659,,
2023,IN0001.10,"Fuels",162.89,,,-32.0697,,
2023,IN0001.31,"Selected groups",,,"No value reported or collected",,,"No value reported or collected"
2023,IN0001.05,"Tropical beverages and food",128.23,,,-1.747,,
2023,IN0001.22,"All groups excl. fuels",151.22,,,-2.5582,,
2023,IN0001.23,"All groups excl. precious metals",157.86,,,-26.6041,,
2023,IN0001.24,"All groups excl. precious metals and fuels",146.01,,,-6.9941,,
