"region1","year","co2","pop","gdp","gdp_per_capita","co2_per_capita","accumulated_co2"
"Africa",1750,0,0,0,NA,NA,0
"Africa",1751,0,0,0,NA,NA,0
"Africa",1752,0,0,0,NA,NA,0
"Africa",1753,0,0,0,NA,NA,0
"Africa",1754,0,0,0,NA,NA,0
"Africa",1755,0,0,0,NA,NA,0
"Africa",1756,0,0,0,NA,NA,0
"Africa",1757,0,0,0,NA,NA,0
"Africa",1758,0,0,0,NA,NA,0
"Africa",1759,0,0,0,NA,NA,0
"Africa",1760,0,0,0,NA,NA,0
"Africa",1761,0,0,0,NA,NA,0
"Africa",1762,0,0,0,NA,NA,0
"Africa",1763,0,0,0,NA,NA,0
"Africa",1764,0,0,0,NA,NA,0
"Africa",1765,0,0,0,NA,NA,0
"Africa",1766,0,0,0,NA,NA,0
"Africa",1767,0,0,0,NA,NA,0
"Africa",1768,0,0,0,NA,NA,0
"Africa",1769,0,0,0,NA,NA,0
"Africa",1770,0,0,0,NA,NA,0
"Africa",1771,0,0,0,NA,NA,0
"Africa",1772,0,0,0,NA,NA,0
"Africa",1773,0,0,0,NA,NA,0
"Africa",1774,0,0,0,NA,NA,0
"Africa",1775,0,0,0,NA,NA,0
"Africa",1776,0,0,0,NA,NA,0
"Africa",1777,0,0,0,NA,NA,0
"Africa",1778,0,0,0,NA,NA,0
"Africa",1779,0,0,0,NA,NA,0
"Africa",1780,0,0,0,NA,NA,0
"Africa",1781,0,0,0,NA,NA,0
"Africa",1782,0,0,0,NA,NA,0
"Africa",1783,0,0,0,NA,NA,0
"Africa",1784,0,0,0,NA,NA,0
"Africa",1785,0,0,0,NA,NA,0
"Africa",1786,0,0,0,NA,NA,0
"Africa",1787,0,0,0,NA,NA,0
"Africa",1788,0,0,0,NA,NA,0
"Africa",1789,0,0,0,NA,NA,0
"Africa",1790,0,0,0,NA,NA,0
"Africa",1791,0,0,0,NA,NA,0
"Africa",1792,0,0,0,NA,NA,0
"Africa",1793,0,0,0,NA,NA,0
"Africa",1794,0,0,0,NA,NA,0
"Africa",1795,0,0,0,NA,NA,0
"Africa",1796,0,0,0,NA,NA,0
"Africa",1797,0,0,0,NA,NA,0
"Africa",1798,0,0,0,NA,NA,0
"Africa",1799,0,0,0,NA,NA,0
"Africa",1800,0,0,0,NA,NA,0
"Africa",1801,0,0,0,NA,NA,0
"Africa",1802,0,0,0,NA,NA,0
"Africa",1803,0,0,0,NA,NA,0
"Africa",1804,0,0,0,NA,NA,0
"Africa",1805,0,0,0,NA,NA,0
"Africa",1806,0,0,0,NA,NA,0
"Africa",1807,0,0,0,NA,NA,0
"Africa",1808,0,0,0,NA,NA,0
"Africa",1809,0,0,0,NA,NA,0
"Africa",1810,0,0,0,NA,NA,0
"Africa",1811,0,0,0,NA,NA,0
"Africa",1812,0,0,0,NA,NA,0
"Africa",1813,0,0,0,NA,NA,0
"Africa",1814,0,0,0,NA,NA,0
"Africa",1815,0,0,0,NA,NA,0
"Africa",1816,0,0,0,NA,NA,0
"Africa",1817,0,0,0,NA,NA,0
"Africa",1818,0,0,0,NA,NA,0
"Africa",1819,0,0,0,NA,NA,0
"Africa",1820,0,0,0,NA,NA,0
"Africa",1821,0,0,0,NA,NA,0
"Africa",1822,0,0,0,NA,NA,0
"Africa",1823,0,0,0,NA,NA,0
"Africa",1824,0,0,0,NA,NA,0
"Africa",1825,0,0,0,NA,NA,0
"Africa",1826,0,0,0,NA,NA,0
"Africa",1827,0,0,0,NA,NA,0
"Africa",1828,0,0,0,NA,NA,0
"Africa",1829,0,0,0,NA,NA,0
"Africa",1830,0,0,0,NA,NA,0
"Africa",1831,0,0,0,NA,NA,0
"Africa",1832,0,0,0,NA,NA,0
"Africa",1833,0,0,0,NA,NA,0
"Africa",1834,0,0,0,NA,NA,0
"Africa",1835,0,0,0,NA,NA,0
"Africa",1836,0,0,0,NA,NA,0
"Africa",1837,0,0,0,NA,NA,0
"Africa",1838,0,0,0,NA,NA,0
"Africa",1839,0,0,0,NA,NA,0
"Africa",1840,0,0,0,NA,NA,0
"Africa",1841,0,0,0,NA,NA,0
"Africa",1842,0,0,0,NA,NA,0
"Africa",1843,0,0,0,NA,NA,0
"Africa",1844,0,0,0,NA,NA,0
"Africa",1845,0,0,0,NA,NA,0
"Africa",1846,0,0,0,NA,NA,0
"Africa",1847,0,0,0,NA,NA,0
"Africa",1848,0,0,0,NA,NA,0
"Africa",1849,0,0,0,NA,NA,0
"Africa",1850,0,0,0,NA,NA,0
"Africa",1851,0,0,0,NA,NA,0
"Africa",1852,0,0,0,NA,NA,0
"Africa",1853,0,0,0,NA,NA,0
"Africa",1854,0,0,0,NA,NA,0
"Africa",1855,0,0,0,NA,NA,0
"Africa",1856,0,0,0,NA,NA,0
"Africa",1857,0,0,0,NA,NA,0
"Africa",1858,0,0,0,NA,NA,0
"Africa",1859,0,0,0,NA,NA,0
"Africa",1860,0,0,0,NA,NA,0
"Africa",1861,0,0,0,NA,NA,0
"Africa",1862,0,0,0,NA,NA,0
"Africa",1863,0,0,0,NA,NA,0
"Africa",1864,0,0,0,NA,NA,0
"Africa",1865,0,0,0,NA,NA,0
"Africa",1866,0,0,0,NA,NA,0
"Africa",1867,0,0,0,NA,NA,0
"Africa",1868,0,0,0,NA,NA,0
"Africa",1869,0,0,0,NA,NA,0
"Africa",1870,0,0,0,NA,NA,0
"Africa",1871,0,0,0,NA,NA,0
"Africa",1872,0,0,0,NA,NA,0
"Africa",1873,0,0,0,NA,NA,0
"Africa",1874,0,0,0,NA,NA,0
"Africa",1875,0,0,0,NA,NA,0
"Africa",1876,0,0,0,NA,NA,0
"Africa",1877,0,0,0,NA,NA,0
"Africa",1878,0,0,0,NA,NA,0
"Africa",1879,0,0,0,NA,NA,0
"Africa",1880,0,0,0,NA,NA,0
"Africa",1881,0,0,0,NA,NA,0
"Africa",1882,0,0,0,NA,NA,0
"Africa",1883,0,0,0,NA,NA,0
"Africa",1884,0,0,0,NA,NA,0
"Africa",1885,0,0,0,NA,NA,0
"Africa",1886,0,0,0,NA,NA,0
"Africa",1887,0,0,0,NA,NA,0
"Africa",1888,0,0,0,NA,NA,0
"Africa",1889,0,0,0,NA,NA,0
"Africa",1890,0,0,0,NA,NA,0
"Africa",1891,0,0,0,NA,NA,0
"Africa",1892,0,0,0,NA,NA,0
"Africa",1893,0,0,0,NA,NA,0
"Africa",1894,0,0,0,NA,NA,0
"Africa",1895,0,0,0,NA,NA,0
"Africa",1896,0,0,0,NA,NA,0
"Africa",1897,0,0,0,NA,NA,0
"Africa",1898,0,0,0,NA,NA,0
"Africa",1899,0,0,0,NA,NA,0
"Africa",1900,0,0,0,NA,NA,0
"Africa",1901,0,0,0,NA,NA,0
"Africa",1902,0,0,0,NA,NA,0
"Africa",1903,0,0,0,NA,NA,0
"Africa",1904,0,0,0,NA,NA,0
"Africa",1905,0,0,0,NA,NA,0
"Africa",1906,0,0,0,NA,NA,0
"Africa",1907,0,0,0,NA,NA,0
"Africa",1908,0,0,0,NA,NA,0
"Africa",1909,0,0,0,NA,NA,0
"Africa",1910,0,0,0,NA,NA,0
"Africa",1911,0,0,0,NA,NA,0
"Africa",1912,0,0,0,NA,NA,0
"Africa",1913,0,0,0,NA,NA,0
"Africa",1914,0,0,0,NA,NA,0
"Africa",1915,0,0,0,NA,NA,0
"Africa",1916,0,0,0,NA,NA,0
"Africa",1917,0,0,0,NA,NA,0
"Africa",1918,0,0,0,NA,NA,0
"Africa",1919,0,0,0,NA,NA,0
"Africa",1920,0,0,0,NA,NA,0
"Africa",1921,0,0,0,NA,NA,0
"Africa",1922,0,0,0,NA,NA,0
"Africa",1923,0,0,0,NA,NA,0
"Africa",1924,0,0,0,NA,NA,0
"Africa",1925,0,0,0,NA,NA,0
"Africa",1926,0,0,0,NA,NA,0
"Africa",1927,0,0,0,NA,NA,0
"Africa",1928,0,0,0,NA,NA,0
"Africa",1929,0,0,0,NA,NA,0
"Africa",1930,0,0,0,NA,NA,0
"Africa",1931,0,0,0,NA,NA,0
"Africa",1932,0,0,0,NA,NA,0
"Africa",1933,0,0,0,NA,NA,0
"Africa",1934,0,0,0,NA,NA,0
"Africa",1935,0,0,0,NA,NA,0
"Africa",1936,0,0,0,NA,NA,0
"Africa",1937,0,0,0,NA,NA,0
"Africa",1938,0,0,0,NA,NA,0
"Africa",1939,0,0,0,NA,NA,0
"Africa",1940,0,0,0,NA,NA,0
"Africa",1941,0,0,0,NA,NA,0
"Africa",1942,0,0,0,NA,NA,0
"Africa",1943,0,0,0,NA,NA,0
"Africa",1944,0,0,0,NA,NA,0
"Africa",1945,0,0,0,NA,NA,0
"Africa",1946,0,0,0,NA,NA,0
"Africa",1947,0,0,0,NA,NA,0
"Africa",1948,0,0,0,NA,NA,0
"Africa",1949,0,0,0,NA,NA,0
"Africa",1950,94772.448,215955335.304983,309615.739683549,1433.70266470284,0.438852079603209,94772.448
"Africa",1951,101015.853,220564853.537648,324185.125063503,1469.79502791984,0.457987078991975,195788.301
"Africa",1952,110212.845,225312305.536006,336539.13517958,1493.65625805023,0.489155906233393,306001.146
"Africa",1953,111888.737,230192321.631427,348872.472738553,1515.56954752449,0.486066330132206,417889.883
"Africa",1954,117419.046,235292364.600814,365561.813530739,1553.64928288657,0.499034663531083,535308.929
"Africa",1955,129258.236,240700030.606497,377986.23213004,1570.36221049752,0.5370096367429,664567.165
"Africa",1956,134960.691,246286656.031136,393056.856905681,1595.9324116041,0.547982148829605,799527.856
"Africa",1957,141423.244,252034928.676872,407520.780799998,1616.92184071229,0.561125573913271,940951.1
"Africa",1958,148479.142,257987831.283845,416525.023003353,1614.51422313435,0.575527695477387,1089430.242
"Africa",1959,147639.596,269845336.731038,444164.06892134,1645.99497735272,0.547126727437786,1237069.838
"Africa",1960,156340.492,276359680.933578,463422.899326644,1676.88317543696,0.565713824360564,1393410.33
"Africa",1961,161791.223,282854740.738476,473105.468609335,1672.60929540779,0.57199402978927,1555201.553
"Africa",1962,166109.158,289479343.52012,490530.222611138,1694.52582227872,0.573820418341713,1721310.711
"Africa",1963,176097.162,296830236.759369,525118.762350684,1769.08783984962,0.593258840212954,1897407.873
"Africa",1964,193354.187,304735324.51645,552920.678199748,1814.429223383,0.634498764811109,2090762.06
"Africa",1965,213307.171,312559120.228607,582372.75572714,1863.24032170679,0.682453837353991,2304069.231
"Africa",1966,220730.153,320678335.647739,597490.866856129,1863.20932983906,0.688322622587356,2524799.384
"Africa",1967,236561.631,329129330.660039,608462.348419616,1848.70290107357,0.71874977087456,2761361.015
"Africa",1968,256863.984,337784436.4449,636752.346406635,1885.08491719838,0.760437593583149,3018224.999
"Africa",1969,277218.723,346653233.872679,687500.192702252,1983.25048066553,0.799700380414794,3295443.722
"Africa",1970,301799.097,355307639.650344,745012.240210234,2096.80895390652,0.84940221746146,3597242.819
"Africa",1971,331025.058,364617058.17749,780501.537322128,2140.60620537998,0.907870464576186,3928267.877
"Africa",1972,351020.666,374674530.094227,813584.14019756,2171.44234488784,0.936868235777119,4279288.543
"Africa",1973,377120.67,384586558.780061,844580.220385354,2196.07316247461,0.980587234239951,4656409.213
"Africa",1974,387396.185,394677758.532123,890878.975297704,2257.23126281816,0.981550585573395,5043805.398
"Africa",1975,386174.115,404868678.186689,898607.236204163,2219.50297619666,0.95382561261489,5429979.513
"Africa",1976,419132.594,415871877.637871,958581.508490489,2304.99237874698,1.00784067530762,5849112.107
"Africa",1977,431813.837,427474960.608896,997719.081156269,2333.98250913952,1.01015001296198,6280925.944
"Africa",1978,461504.971,439269167.673458,1023293.38847098,2329.53611083323,1.05061999558109,6742430.915
"Africa",1979,498212.117,451373968.974006,1071556.78178126,2373.98887715425,1.103767942428,7240643.032
"Africa",1980,534908.534,463936120.495283,1119490.73337979,2413.02775085642,1.15297884852973,7775551.566
"Africa",1981,548307.173,478213567.090427,1131151.42017009,2365.368734836,1.14657385472361,8323858.739
"Africa",1982,570939.31,492885764.304007,1167570.55458984,2368.84616912915,1.15836031662673,8894798.049
"Africa",1983,593558.889,507925320.78305,1176187.22527707,2315.66960171189,1.16859480067844,9488356.938
"Africa",1984,648591.012,522555265.71198,1203290.59256616,2302.7049415083,1.24119122810158,10136947.95
"Africa",1985,664953.125,537209920.884958,1245856.98965166,2319.1250593424,1.23779010615554,10801901.075
"Africa",1986,688907.378,552130604.625584,1272758.19768279,2305.17596202784,1.2477253972675,11490808.453
"Africa",1987,689016.897,567194861.924618,1289541.42853354,2273.54215473293,1.21477986359399,12179825.35
"Africa",1988,723972.201,582648036.188637,1345523.47110425,2309.32464804297,1.24255494918652,12903797.551
"Africa",1989,697321.085,598617815.677071,1388395.93247177,2319.33613753445,1.16488528529892,13601118.636
"Africa",1990,657134.772,616881734.113872,1410060.68917655,2285.78771456421,1.06525243926042,14258253.408
"Africa",1991,686566.156,636299002,1461629.30054824,2297.07935413082,1.07899926582,14944819.564
"Africa",1992,665635.213,653731629,1488623.36140994,2277.11693204604,1.01820867076327,15610454.777
"Africa",1993,705562.747,670493125,1527800.47195972,2278.6221289886,1.05230422310445,16316017.524
"Africa",1994,788564.108,686035502,1593712.90746663,2323.07643382956,1.14945087491988,17104581.632
"Africa",1995,842818.822,703214458,1672395.45325998,2378.21539963272,1.19852317086461,17947400.454
"Africa",1996,870481.007,720675359,1797136.99965746,2493.68453800217,1.20786841971102,18817881.461
"Africa",1997,892189.455,738161243,1896466.7555493,2569.17682082816,1.2086647239484,19710070.916
"Africa",1998,911002.239,755964020,1999572.40798907,2645.06293300715,1.20508676987034,20621073.155
"Africa",1999,898356.382,774688536,2098195.5119721,2708.43753904743,1.15963556997828,21519429.537
"Africa",2000,929314.484,793741490,2222194.79039085,2799.64549968385,1.17080245357969,22448744.021
"Africa",2001,918943.584,813453257,2371673.39709065,2915.56199041766,1.12968210046764,23367687.605
"Africa",2002,898266.875,833864905,2536587.67525413,3041.96478355703,1.07723309808799,24265954.48
"Africa",2003,987564.488,854712910,2714471.01700871,3175.88629497677,1.15543415390789,25253518.968
"Africa",2004,1043600.25,876073617,2920223.19429553,3333.30799790028,1.19122437857868,26297119.218
"Africa",2005,1057329.49,898047996,3151227.31856129,3508.97427820917,1.17736412163877,27354448.708
"Africa",2006,1089181.195,920939434,3407048.64961166,3699.53606483492,1.18268493539174,28443629.903
"Africa",2007,1114722.301,944872519,3706946.99948917,3923.22448261316,1.17975946869506,29558352.204
"Africa",2008,1172546.749,969596097,4009854.68855671,4135.59285249135,1.20931463382324,30730898.953
"Africa",2009,1165948.079,995286825,4250039.11934514,4270.16515499956,1.17146941938069,31896847.032
"Africa",2010,1214308.34,1021708109,4607345.4311906,4509.45371834237,1.18850807711462,33111155.372
"Africa",2011,1254981.535,1048513494,4754031.971855,4534.06846841687,1.19691500603616,34366136.907
"Africa",2012,1266390.713,1076066815,4995299.02533617,4642.18295342206,1.17686996322807,35632527.62
"Africa",2013,1279887.442,1104753999,5174526.42229644,4683.87209005834,1.1585270957684,36912415.062
"Africa",2014,1354639.891,1134360688,5385441.42803156,4747.55647388193,1.19418797330537,38267054.953
"Africa",2015,1329553.584,1164394289,5566600.22579575,4780.68320875778,1.14184138187576,39596608.537
"Africa",2016,1372218.02,1194898211,5674995.28276032,4749.35457306523,1.1483974177613,40968826.557
"Africa",2017,1390556.129,1226304238,5858642.87200162,4777.47910384505,1.13394057193171,42359382.686
"Africa",2018,1383646.098,1257839796,6054158.96452603,4813.13994340026,1.10001774661612,43743028.784
"Africa",2019,1476333.942,1289423851.09664,6230549.98164274,4832.0418273198,1.14495628473476,45219362.726
"Africa",2020,1352840.443,1321476726.38022,6081379.08220712,4601.95700825181,1.02373383957029,46572203.169
"Africa",2021,1438467.042,1353511941.65301,6412753.07869471,4737.8622096699,1.06276642099163,48010670.211
"Africa",2022,1429720.31,1385548399.40035,6625805.68044316,4782.08172540976,1.03188045298076,49440390.521
"Africa",2023,1415969.275,1418224326.08338,6834518.60436117,4819.06739199406,0.998409947536574,50856359.796
"Developed",1750,0,0,0,4785.41067772786,0.99249027069474,0
"Developed",1751,0,0,0,4751.75396346165,0.986570593852905,0
"Developed",1752,0,0,0,4718.09724919544,0.98065091701107,0
"Developed",1753,0,0,0,4684.44053492924,0.974731240169235,0
"Developed",1754,0,0,0,4650.78382066303,0.9688115633274,0
"Developed",1755,0,0,0,4617.12710639682,0.962891886485565,0
"Developed",1756,0,0,0,4583.47039213062,0.956972209643731,0
"Developed",1757,0,0,0,4549.81367786441,0.951052532801896,0
"Developed",1758,0,0,0,4516.1569635982,0.945132855960061,0
"Developed",1759,0,0,0,4482.500249332,0.939213179118226,0
"Developed",1760,0,0,0,4448.84353506579,0.933293502276391,0
"Developed",1761,0,0,0,4415.18682079958,0.927373825434556,0
"Developed",1762,0,0,0,4381.53010653338,0.921454148592722,0
"Developed",1763,0,0,0,4347.87339226717,0.915534471750887,0
"Developed",1764,0,0,0,4314.21667800096,0.909614794909052,0
"Developed",1765,0,0,0,4280.55996373476,0.903695118067217,0
"Developed",1766,0,0,0,4246.90324946855,0.897775441225382,0
"Developed",1767,0,0,0,4213.24653520235,0.891855764383547,0
"Developed",1768,0,0,0,4179.58982093614,0.885936087541713,0
"Developed",1769,0,0,0,4145.93310666993,0.880016410699878,0
"Developed",1770,0,0,0,4112.27639240373,0.874096733858043,0
"Developed",1771,0,0,0,4078.61967813752,0.868177057016208,0
"Developed",1772,0,0,0,4044.96296387131,0.862257380174373,0
"Developed",1773,0,0,0,4011.30624960511,0.856337703332538,0
"Developed",1774,0,0,0,3977.6495353389,0.850418026490704,0
"Developed",1775,0,0,0,3943.99282107269,0.844498349648869,0
"Developed",1776,0,0,0,3910.33610680649,0.838578672807034,0
"Developed",1777,0,0,0,3876.67939254028,0.832658995965199,0
"Developed",1778,0,0,0,3843.02267827407,0.826739319123364,0
"Developed",1779,0,0,0,3809.36596400787,0.82081964228153,0
"Developed",1780,0,0,0,3775.70924974166,0.814899965439695,0
"Developed",1781,0,0,0,3742.05253547545,0.80898028859786,0
"Developed",1782,0,0,0,3708.39582120925,0.803060611756025,0
"Developed",1783,0,0,0,3674.73910694304,0.79714093491419,0
"Developed",1784,0,0,0,3641.08239267683,0.791221258072355,0
"Developed",1785,0,0,0,3607.42567841063,0.78530158123052,0
"Developed",1786,0,0,0,3573.76896414442,0.779381904388686,0
"Developed",1787,0,0,0,3540.11224987822,0.773462227546851,0
"Developed",1788,0,0,0,3506.45553561201,0.767542550705016,0
"Developed",1789,0,0,0,3472.7988213458,0.761622873863181,0
"Developed",1790,0,0,0,3439.1421070796,0.755703197021346,0
"Developed",1791,0,0,0,3405.48539281339,0.749783520179511,0
"Developed",1792,0,0,0,3371.82867854718,0.743863843337677,0
"Developed",1793,0,0,0,3338.17196428098,0.737944166495842,0
"Developed",1794,0,0,0,3304.51525001477,0.732024489654007,0
"Developed",1795,0,0,0,3270.85853574856,0.726104812812172,0
"Developed",1796,0,0,0,3237.20182148236,0.720185135970337,0
"Developed",1797,0,0,0,3203.54510721615,0.714265459128502,0
"Developed",1798,0,0,0,3169.88839294994,0.708345782286668,0
"Developed",1799,0,0,0,3136.23167868374,0.702426105444833,0
"Developed",1800,0,0,0,3102.57496441753,0.696506428602998,0
"Developed",1801,0,0,0,3068.91825015132,0.690586751761163,0
"Developed",1802,0,0,0,3035.26153588512,0.684667074919328,0
"Developed",1803,0,0,0,3001.60482161891,0.678747398077494,0
"Developed",1804,0,0,0,2967.9481073527,0.672827721235659,0
"Developed",1805,0,0,0,2934.2913930865,0.666908044393824,0
"Developed",1806,0,0,0,2900.63467882029,0.660988367551989,0
"Developed",1807,0,0,0,2866.97796455408,0.655068690710154,0
"Developed",1808,0,0,0,2833.32125028788,0.649149013868319,0
"Developed",1809,0,0,0,2799.66453602167,0.643229337026485,0
"Developed",1810,0,0,0,2766.00782175547,0.63730966018465,0
"Developed",1811,0,0,0,2732.35110748926,0.631389983342815,0
"Developed",1812,0,0,0,2698.69439322305,0.62547030650098,0
"Developed",1813,0,0,0,2665.03767895685,0.619550629659145,0
"Developed",1814,0,0,0,2631.38096469064,0.61363095281731,0
"Developed",1815,0,0,0,2597.72425042443,0.607711275975475,0
"Developed",1816,0,0,0,2564.06753615823,0.601791599133641,0
"Developed",1817,0,0,0,2530.41082189202,0.595871922291806,0
"Developed",1818,0,0,0,2496.75410762581,0.589952245449971,0
"Developed",1819,0,0,0,2463.09739335961,0.584032568608136,0
"Developed",1820,0,0,0,2429.4406790934,0.578112891766301,0
"Developed",1821,50868.549,88901000,212987.590257102,2395.78396482719,0.572193214924467,50868.549
"Developed",1822,52742.977,90092000,214124.55915995,2376.73221995238,0.58543463348577,103611.526
"Developed",1823,54785.907,91271000,219192.736500002,2401.55949315776,0.600255360410207,158397.433
"Developed",1824,55905.525,92450000,230507.976053708,2493.32586320939,0.604710924824229,214302.958
"Developed",1825,58997.795,93633000,232333.916385351,2481.32513521249,0.630096173357684,273300.753
"Developed",1826,59700.354,94756000,232042.000998337,2448.83702349547,0.630042994638862,333001.107
"Developed",1827,63950.537,95830000,237350.265866751,2476.78457546437,0.667333162892622,396951.644
"Developed",1828,65011.007,96924000,237512.176634065,2450.49911924875,0.670742096900664,461962.651
"Developed",1829,64750.208,97994000,240990.882181096,2459.24120028875,0.660756862665061,526712.859
"Developed",1830,81165.858,112095000,268605.534558926,2396.23118389692,0.724080984878897,607878.717
"Developed",1831,77399.498,113275000,274620.512091722,2424.37000301674,0.683288439638049,685278.215
"Developed",1832,75723.719,114449000,286644.363982373,2504.55979503861,0.661637227061835,761001.934
"Developed",1833,77093.425,115605000,292446.110748758,2529.70123047236,0.666869296310713,838095.359
"Developed",1834,82534.311,116785000,294961.21759727,2525.67724962341,0.706720135291347,920629.67
"Developed",1835,90742.106,119204000,310381.264136349,2603.78229032875,0.761233733767323,1011371.776
"Developed",1836,99163.455,120488000,315155.658686495,2615.66013782696,0.823015196534095,1110535.231
"Developed",1837,97948.093,121758000,316051.207877031,2595.73258329663,0.804448931487048,1208483.324
"Developed",1838,97220.205,123081000,323426.286981617,2627.75153745596,0.789888000584981,1305703.529
"Developed",1839,100060.682,127535000,330372.534739647,2590.4460323805,0.78457428941075,1405764.211
"Developed",1840,107805.52,128936000,343035.748483138,2660.51179254155,0.836116522926103,1513569.731
"Developed",1841,111169.882,130482000,346458.167767865,2655.21809726909,0.851994006836192,1624739.613
"Developed",1842,117880.165,131998000,343501.542521998,2602.32384219456,0.893045084016424,1742619.778
"Developed",1843,121652.19,134842000,356926.467502317,2646.99772698652,0.902183221844826,1864271.968
"Developed",1844,129964.661,136374000,376752.944898498,2762.64496823807,0.953001752533474,1994236.629
"Developed",1845,142136.414,137932000,385367.744671256,2793.89659159047,1.03048178812748,2136373.043
"Developed",1846,152504.544,146758000,409065.39757421,2787.34649950401,1.03915659793674,2288877.587
"Developed",1847,165439.096,147715000,419049.571535042,2836.87893264084,1.11998846427242,2454316.683
"Developed",1848,168160.829,148286000,425122.982597988,2866.91247048263,1.13403038048096,2622477.512
"Developed",1849,179619.198,149185000,433592.510483727,2906.40822122685,1.20400307001374,2802096.71
"Developed",1850,190656.573,150256000,437196.533330018,2909.6777055826,1.26887826775636,2992753.283
"Developed",1851,192530.899,151530000,446245.035527594,2944.92863147623,1.27057941661717,3185284.182
"Developed",1852,200045.912,153134000,468678.698471249,3060.57896006928,1.30634550132564,3385330.094
"Developed",1853,209132.919,154769000,479368.382291765,3097.31523943274,1.35125844968954,3594463.013
"Developed",1854,246518.032,156225000,497166.894334966,3182.37730411244,1.57796787966075,3840981.045
"Developed",1855,249838.76,157794000,494774.421745995,3135.57183255381,1.58332230629808,4090819.805
"Developed",1856,266091.933,159378000,521165.420326817,3269.99598643989,1.66956501524677,4356911.738
"Developed",1857,267580.672,161019000,532611.267272275,3307.75416113797,1.66179563902397,4624492.41
"Developed",1858,267755.771,165192000,548290.373543456,3319.10972409957,1.62087613806964,4892248.181
"Developed",1859,286272.512,166924000,557017.179342584,3336.95082398328,1.7149871318684,5178520.693
"Developed",1860,314450.681,196547000,651460.940037169,3314.53006170111,1.59987525121218,5492971.374
"Developed",1861,330075.087,198536000,643397.955538752,3240.71178798179,1.66254526634968,5823046.461
"Developed",1862,334779.555,200574000,662199.03947738,3301.51983545913,1.6691074366568,6157826.016
"Developed",1863,356791.634,202718000,704699.284647443,3476.25412961574,1.76003923677226,6514617.65
"Developed",1864,385150.504,204849000,723663.526619464,3532.66809513087,1.88016785046546,6899768.154
"Developed",1865,407864.372,206964000,723142.295299685,3494.0487007387,1.97070201580951,7307632.526
"Developed",1866,420555.244,208823000,730876.875822604,3499.9826447403,2.01393162630553,7728187.77
"Developed",1867,448522.652,210701000,735601.176371066,3491.2087572962,2.12871629465451,8176710.422
"Developed",1868,459499.283,212342000,765647.629283473,3605.72863250545,2.1639585338746,8636209.705
"Developed",1869,487333.068,214634000,786511.877034994,3664.4328346627,2.27053061490724,9123542.773
"Developed",1870,503850.375,228706000,821537.126624571,3592.11007417633,2.20304834591134,9627393.148
"Developed",1871,532468.094,229755000,833674.9030911,3628.53867420121,2.31754736131967,10159861.242
"Developed",1872,590368.13,231759000,863720.680823237,3726.80534875986,2.54733637097157,10750229.372
"Developed",1873,627400.997,234204000,881778.265407469,3765.00087704509,2.67886542074431,11377630.369
"Developed",1874,581151.213,236763000,910658.314860556,3846.28643352448,2.45456939217699,11958781.582
"Developed",1875,631889.072,239330000,936479.506430002,3912.92151602391,2.64024180838173,12590670.654
"Developed",1876,632560.353,242173000,931160.818012781,3845.0232602841,2.61201848678424,13223231.007
"Developed",1877,646444.673,245034000,953670.898702806,3891.99416694339,2.63818357044329,13869675.68
"Developed",1878,645044.044,248190000,974461.218909727,3926.2710782454,2.59899288448366,14514719.724
"Developed",1879,691083.779,251095000,993043.083536389,3954.85009074808,2.75228012903483,15205803.503
"Developed",1880,784883.175,253713000,1055952.73841919,4161.99697460984,3.09358674959501,15990686.678
"Developed",1881,812418.489,256418000,1091264.2136994,4255.80190821002,3.16833642334002,16803105.167
"Developed",1882,859660.883,259130000,1130965.64477287,4364.47205947929,3.31748883957859,17662766.05
"Developed",1883,911573.339,261845000,1158579.88217699,4424.67827217241,3.48134712902671,18574339.389
"Developed",1884,919733.509,264781000,1170910.52415972,4422.18484014985,3.47356309176263,19494072.898
"Developed",1885,926155.155,306053000,1242905.94648045,4061.08074902205,3.0261267002774,20420228.053
"Developed",1886,939292.571,309131000,1270635.92011792,4110.34778174275,3.03849361920998,21359520.624
"Developed",1887,986319.518,312205000,1313235.4144038,4206.32409603881,3.15920474688106,22345840.142
"Developed",1888,1094480.965,315443000,1330159.72278119,4216.79898676208,3.46966318796106,23440321.107
"Developed",1889,1086167.246,318819000,1380436.05102197,4329.8424843625,3.40684603489754,24526488.353
"Developed",1890,1184211.612,322073000,1405642.4636756,4364.35983045955,3.67684224383913,25710699.965
"Developed",1891,1236992.753,325216000,1428695.14922335,4393.06537569906,3.80360361421332,26947692.718
"Developed",1892,1245441.873,328437000,1485561.14029052,4523.12358318495,3.79202669918432,28193134.591
"Developed",1893,1217293.687,331625000,1475395.57356283,4448.98778307676,3.67069336449303,29410428.278
"Developed",1894,1261039.373,335110000,1505593.46333138,4492.83358697557,3.76306100384948,30671467.651
"Developed",1895,1331760.187,338628000,1579699.05217744,4664.99832316714,3.93281177870702,32003227.838
"Developed",1896,1372535.616,342347000,1596151.74046666,4662.3798089852,4.00919422691012,33375763.454
"Developed",1897,1432166.719,346285000,1661075.36305521,4796.84468878298,4.1358035115584,34807930.173
"Developed",1898,1503166.779,350278000,1731715.56514122,4943.83194246061,4.29135366480338,36311096.952
"Developed",1899,1646857.637,354181000,1815309.28880652,5125.37174158557,4.6497627964233,37957954.589
"Developed",1900,1735502.627,357970000,1850650.40176237,5169.8477575282,4.8481789730983,39693457.216
"Developed",1901,1784560.194,362150000,1923438.81665826,5311.16613739681,4.92768243545492,41478017.41
"Developed",1902,1836146.142,366688000,1943782.44020555,5300.91641996888,5.00737995789336,43314163.552
"Developed",1903,2015068.556,371089000,2010643.17334036,5418.22358878965,5.43014898312804,45329232.108
"Developed",1904,2025931.417,375536000,2024717.07190757,5391.53921836407,5.39477285000639,47355163.525
"Developed",1905,2171366.619,379899000,2106868.10454865,5545.86378102771,5.71564183901511,49526530.144
"Developed",1906,2252940.349,384340000,2251659.51808282,5858.5094397742,5.86184198626216,51779470.493
"Developed",1907,2558778.567,388876000,2308300.35601177,5935.82621712775,6.57993439296845,54338249.06
"Developed",1908,2428227.931,393695000,2236148.0712075,5679.8995953911,6.16778961124729,56766476.991
"Developed",1909,2531122.218,398589000,2365436.49084941,5934.52526499581,6.3502058962992,59297599.209
"Developed",1910,2670954.39,403694000,2391469.02516188,5923.96474845274,6.61628458684053,61968553.599
"Developed",1911,2698072.032,408467000,2478285.87332667,6067.28541920563,6.60536109893822,64666625.631
"Developed",1912,2829241.544,412639000,2567126.19801247,6221.2398682928,6.85645696116945,67495867.175
"Developed",1913,3060110.592,422690000,2661104.27021107,6295.64046987407,7.23960962407438,70555977.767
"Developed",1914,2779395.323,427963000,2484038.88231219,5804.33094055372,6.49447574439846,73335373.09
"Developed",1915,2744007.264,430649000,2510915.01703522,5830.53720555537,6.37179527643162,76079380.354
"Developed",1916,2960800.572,432769000,2697210.74379335,6232.44905201933,6.84152647717373,79040180.926
"Developed",1917,3103136.279,434315000,2621344.67745126,6035.58402876083,7.1448977792616,82143317.205
"Developed",1918,3130994.259,434557000,2644085.21109187,6084.55326019802,7.20502548342335,85274311.464
"Developed",1919,2753292.899,430939000,2586431.61772956,6001.85088314021,6.38905482910574,88027604.363
"Developed",1920,3150813.497,447128000,2623754.26481839,5868.01601514194,7.04678189914297,91178417.86
"Developed",1921,2701214.502,449449000,2602272.77782148,5789.91782787697,6.01005787530955,93879632.362
"Developed",1922,2849410.174,454041000,2794254.53510582,6154.18989718069,6.27566711816774,96729042.536
"Developed",1923,3289056.091,459289000,2935148.64475719,6390.63562322893,7.16119064684763,100018098.627
"Developed",1924,3276121.442,467773000,3100209.66433531,6627.5942911098,7.00365656418819,103294220.069
"Developed",1925,3326228.978,472660000,3220222.9822761,6812.97969423285,7.03725506283587,106620449.047
"Developed",1926,3246364.693,477625000,3319527.99750831,6950.07170375987,6.7968902235017,109866813.74
"Developed",1927,3546166.797,482363000,3414582.88700165,7078.86568207273,7.35165590437077,113412980.537
"Developed",1928,3509519.36,486962000,3510554.41055937,7209.09313367237,7.2069676073287,116922499.897
"Developed",1929,3766123.531,491196000,3653659.82872986,7438.29312276537,7.6672520358472,120688623.428
"Developed",1930,3426868.064,495944000,3459411.20952158,6975.40691997802,6.90978833094059,124115491.492
"Developed",1931,3000620.814,500228000,3276859.45421928,6550.73177474928,5.99850630912304,127116112.306
"Developed",1932,2653865.93,503997000,3057288.92499946,6066.08556201616,5.26563834705365,129769978.236
"Developed",1933,2787034.165,507641000,3095728.34187142,6098.2630281467,5.49016758890633,132557012.401
"Developed",1934,2997475.2,511323000,3258446.48547964,6372.57953481388,5.86219512910626,135554487.601
"Developed",1935,3109418.539,515303000,3476393.17552022,6746.30882319766,6.03415570838904,138663906.14
"Developed",1936,3411838.463,519008000,3671203.91595193,7073.50159525852,6.57376854114002,142075744.603
"Developed",1937,3644134.046,522873000,3891292.7604786,7442.13749893109,6.96944391085407,145719878.649
"Developed",1938,3344245.014,526782000,3876081.69400202,7358.03746901379,6.34844207660854,149064123.663
"Developed",1939,3552795.564,530856000,4139237.32630795,7797.28839140548,6.69257871061079,152616919.227
"Developed",1940,3732671.007,533964000,4250974.27067433,7961.16268264215,6.99049188147516,156349590.234
"Developed",1941,3899910.948,536329000,4525206.05179111,8437.36969619601,7.27148997723412,160249501.182
"Developed",1942,4053519.342,540393000,4730660.90689746,8754.11211266145,7.50105819653474,164303020.524
"Developed",1943,4119960.389,543672000,4922424.82809966,9054.03410162683,7.57802570115805,168422980.913
"Developed",1944,4105250.124,547169000,5006216.51878953,9149.3058246895,7.50270962719014,172528231.037
"Developed",1945,3432384.611,546887000,4597196.00634185,8406.11681451899,6.27622271328446,175960615.648
"Developed",1946,3640857.885,577806000,4281390.13801773,7409.7363786768,6.30117701269976,179601473.533
"Developed",1947,4066072.737,585687000,4373842.00469496,7467.88302402983,6.94239881882302,183667546.27
"Developed",1948,4413680.8,625582000,4760276.47163634,7609.35652182502,7.05531936660582,188081227.07
"Developed",1949,4105763.586,634015000,4894311.29022564,7719.55125702963,6.47581458798293,192186990.656
"Developed",1950,4979701.959,748627294,5621556.33227607,7509.15225417372,6.65177719128151,197166692.615
"Developed",1951,5321446.67,757806670,6006224.2609772,7925.80020571368,7.02216921632532,202488139.285
"Developed",1952,5342705.019,783001498,6310051.18736037,8058.79835923426,6.82336500331957,207830844.304
"Developed",1953,5485063.574,792593486,6637488.69506894,8374.39218503613,6.92039951234219,213315907.878
"Developed",1954,5519369.912,802420601,6838444.76428428,8522.26968719649,6.87840006241315,218835277.79
"Developed",1955,5998794.054,812555721,7307554.72105162,8993.29674530914,7.3826248452443,224834071.844
"Developed",1956,6352710.828,822742422,7591365.4183006,9226.90408967462,7.72138479569004,231186782.672
"Developed",1957,6466176.813,833010946,7882448.85560283,9462.59937333744,7.76241518079644,237652959.485
"Developed",1958,6379937.133,843212046,8030007.28300912,9523.11737136772,7.56623101302327,244032896.618
"Developed",1959,6549909.613,853725500,8525781.61093214,9986.56079844416,7.6721494356207,250582806.231
"Developed",1960,6900051.163,864056583,8961309.75381614,10371.2070831085,7.98564735082864,257482857.394
"Developed",1961,7065465.837,874894347,9386942.0215352,10729.2292534783,8.07579322146426,264548323.231
"Developed",1962,7401261.879,885718791,9923518.2382325,11203.9152144763,8.35622090691311,271949585.11
"Developed",1963,7815680.532,896011559,10416385.0788978,11625.2798016614,8.72274520735284,279765265.642
"Developed",1964,8220523.304,906036259,11085151.2213074,12234.7766010404,9.07306216759257,287985788.946
"Developed",1965,8533435.068,915438807,11676177.6735314,12754.7331227913,9.32168813769766,296519224.014
"Developed",1966,8898316.678,924169246,12353902.6462849,13367.5760146263,9.62844924402516,305417540.692
"Developed",1967,9226880.202,932405146,12852960.5365634,13784.737881062,9.89578429675462,314644420.894
"Developed",1968,9688099.854,940578716,13604792.7905387,14464.2788095353,10.3001478655615,324332520.748
"Developed",1969,10258864.293,949015225,14310581.2582716,15079.4011321279,10.8100102324491,334591385.041
"Developed",1970,11117798.655,967504295,14947265.6079575,15449.3015537027,11.4912137470149,345709183.696
"Developed",1971,11382162.76,976795294,15519000.5400903,15887.6692336831,11.6525569174169,357091346.456
"Developed",1972,11880229.814,985489090,16318674.159295,16558.9597336841,12.0551611728142,368971576.27
"Developed",1973,12443531.613,993753513,17333795.8760181,17442.7517983709,12.5217485525508,381415107.883
"Developed",1974,12277708.012,1001797429,17571486.7722217,17539.9599395675,12.255679298614,393692815.895
"Developed",1975,12109249.635,1009644440,17719799.1628039,17550.5340898068,11.9935782888083,405802065.53
"Developed",1976,12772403.466,1016926402,18519728.0474555,18211.4733288786,12.5598110550384,418574468.996
"Developed",1977,13002016.381,1024315392,19196015.7151676,18740.3370730248,12.6933720634748,431576485.377
"Developed",1978,13250173.917,1031636468,20003727.7657159,19390.2875540029,12.8438401782051,444826659.294
"Developed",1979,13588910.541,1038944586,20719592.3584546,19942.9234606499,13.0795335228784,458415569.835
"Developed",1980,14268115.892,1117686490,21632979.8253309,19355.1411946752,12.7657585733187,472683685.727
"Developed",1981,13847215.628,1125096751,21981423.7321282,19537.3630868553,12.3075776511597,486530901.355
"Developed",1982,13513782.085,1131949002,22038174.0285189,19469.2287281321,11.9385078842978,500044683.44
"Developed",1983,13477412.839,1138508390,22655858.1247054,19899.596984705,11.8377808695815,513522096.279
"Developed",1984,13854752.401,1144866827,23616113.9129473,20627.8261855405,12.1016279572925,527376848.68
"Developed",1985,14220142.918,1156338315,24410103.0471199,21109.8280931043,12.2975626886496,541596991.598
"Developed",1986,14236849.671,1162946568,25172971.5843421,21645.8539687114,12.2420496889071,555833841.269
"Developed",1987,14455587.628,1169431530,25962404.0131928,22200.8756794789,12.3612090636893,570289428.897
"Developed",1988,14866136.512,1175977872,27036291.653419,22990.4765192886,12.6415104110054,585155565.409
"Developed",1989,14986619.652,1182929100,27937859.2683453,23617.5264167103,12.6690768297103,600142185.061
"Developed",1990,15363318.503,1190305833,28292363.727804,23768.9868800332,12.907034542777,615505503.564
"Developed",1991,15036656.576,1196956152,28452227.2270599,23770.484139723,12.5624122077281,630542160.14
"Developed",1992,14566666.212,1203554151,28709592.6651771,23854.0099266186,12.1030418115354,645108826.352
"Developed",1993,14404734.837,1209208016,28929330.2592188,23924.1965620734,11.9125366739216,659513561.189
"Developed",1994,14239443.284,1214230295,29628014.5823404,24400.6550522942,11.7271355710986,673753004.473
"Developed",1995,14344478.276,1219257291,30473250.9244435,24993.2898899872,11.7649313084977,688097482.749
"Developed",1996,14656866.395,1223910050,31390923.209584,25648.0639321362,11.9754441063704,702754349.144
"Developed",1997,14570844.906,1228559426,32527258.4221211,26475.9341174279,11.8601059074858,717325194.05
"Developed",1998,14503639.474,1232985512,33430278.4519324,27113.2775905094,11.7630250581566,731828833.524
"Developed",1999,14584675.393,1237279729,34746940.2657836,28083.334311043,11.7876944486819,746413508.917
"Developed",2000,14875010.128,1241624995,36368980.0148621,29291.4367553161,11.9802759995179,761288519.045
"Developed",2001,14905726.651,1245416184,37162326.6463761,29839.2835453759,11.968470333448,776194245.696
"Developed",2002,14968750.14,1249837951,38006788.2203329,30409.3728230316,11.9765527427163,791162995.836
"Developed",2003,15220189.461,1254300594,39061360.980844,31141.9456928392,12.1344034546475,806383185.297
"Developed",2004,15361115.208,1258905661,40588135.6168437,32240.8079288506,12.2019589583846,821744300.505
"Developed",2005,15394630.76,1263622131,41943959.0845465,33193.435011583,12.1829385401924,837138931.265
"Developed",2006,15411851.833,1268555442,43514682.5291603,34302.5468879431,12.149135404521,852550783.098
"Developed",2007,15517703.147,1274149065,45033902.8205295,35344.2968782695,12.1788757479487,868068486.245
"Developed",2008,15163855.452,1280087660,45528945.8697825,35567.0531733604,11.8459508093375,883232341.697
"Developed",2009,14113817.903,1285706738,43988892.3697859,34213.783804395,10.9774783672325,897346159.6
"Developed",2010,14658713.467,1290566453,45432514.8797207,35203.5455238357,11.3583561953938,912004873.067
"Developed",2011,14539977.729,1294907493,46460074.849151,35879.0686595795,11.2285841325346,926544850.796
"Developed",2012,14348621.394,1299393049,47063850.931416,36219.8727841709,11.0425566806307,940893472.19
"Developed",2013,14328425.038,1303660272,47680330.3308005,36574.1990876597,10.9909194486829,955221897.228
"Developed",2014,14079445.394,1310428816,48539006.5721309,37040.5519013945,10.7441512443054,969301342.622
"Developed",2015,13906689.087,1315045662,49429382.4048018,37587.578768654,10.5750617555362,983208031.709
"Developed",2016,13750618.435,1320086135,50262755.5183842,38075.3605281857,10.416455464855,996958650.144
"Developed",2017,13758706.819,1324289139,51524741.2177893,38907.470959625,10.3895036316537,1010717356.963
"Developed",2018,13888409.442,1328268019,52762836.2199076,39723.0344065881,10.4560293881472,1024605766.405
"Developed",2019,13534043.583,1332169858.85582,53714450.6594779,40321.0223549212,10.1593978373179,1038139809.988
"Developed",2020,12388272.882,1336303037.58637,51480176.5288266,38524.3280010873,9.27055655308221,1050528082.87
"Developed",2021,13026741.343,1336028180.98446,54200841.0574049,40568.636072831,9.75034922796403,1063554824.213
"Developed",2022,12959995.274,1336042435.15629,55290393.2311102,41383.7104093495,9.70028715628624,1076514819.487
"Developed",2023,12482937.845,1340274250.1158,56242122.7505189,41963.1450396512,9.31371907198956,1088997757.332
"Developing Asia and Oceania",1750,0,0,0,41658.81063195,9.24480459950769,0
"Developing Asia and Oceania",1751,0,0,0,41354.4762242489,9.17589012702583,0
"Developing Asia and Oceania",1752,0,0,0,41050.1418165478,9.10697565454397,0
"Developing Asia and Oceania",1753,0,0,0,40745.8074088467,9.0380611820621,0
"Developing Asia and Oceania",1754,0,0,0,40441.4730011456,8.96914670958024,0
"Developing Asia and Oceania",1755,0,0,0,40137.1385934444,8.90023223709837,0
"Developing Asia and Oceania",1756,0,0,0,39832.8041857433,8.83131776461651,0
"Developing Asia and Oceania",1757,0,0,0,39528.4697780422,8.76240329213465,0
"Developing Asia and Oceania",1758,0,0,0,39224.1353703411,8.69348881965278,0
"Developing Asia and Oceania",1759,0,0,0,38919.80096264,8.62457434717092,0
"Developing Asia and Oceania",1760,0,0,0,38615.4665549388,8.55565987468906,0
"Developing Asia and Oceania",1761,0,0,0,38311.1321472377,8.48674540220719,0
"Developing Asia and Oceania",1762,0,0,0,38006.7977395366,8.41783092972533,0
"Developing Asia and Oceania",1763,0,0,0,37702.4633318355,8.34891645724346,0
"Developing Asia and Oceania",1764,0,0,0,37398.1289241344,8.2800019847616,0
"Developing Asia and Oceania",1765,0,0,0,37093.7945164332,8.21108751227974,0
"Developing Asia and Oceania",1766,0,0,0,36789.4601087321,8.14217303979787,0
"Developing Asia and Oceania",1767,0,0,0,36485.125701031,8.07325856731601,0
"Developing Asia and Oceania",1768,0,0,0,36180.7912933299,8.00434409483415,0
"Developing Asia and Oceania",1769,0,0,0,35876.4568856288,7.93542962235228,0
"Developing Asia and Oceania",1770,0,0,0,35572.1224779277,7.86651514987042,0
"Developing Asia and Oceania",1771,0,0,0,35267.7880702265,7.79760067738855,0
"Developing Asia and Oceania",1772,0,0,0,34963.4536625254,7.72868620490669,0
"Developing Asia and Oceania",1773,0,0,0,34659.1192548243,7.65977173242483,0
"Developing Asia and Oceania",1774,0,0,0,34354.7848471232,7.59085725994296,0
"Developing Asia and Oceania",1775,0,0,0,34050.450439422,7.5219427874611,0
"Developing Asia and Oceania",1776,0,0,0,33746.1160317209,7.45302831497924,0
"Developing Asia and Oceania",1777,0,0,0,33441.7816240198,7.38411384249737,0
"Developing Asia and Oceania",1778,0,0,0,33137.4472163187,7.31519937001551,0
"Developing Asia and Oceania",1779,0,0,0,32833.1128086176,7.24628489753364,0
"Developing Asia and Oceania",1780,0,0,0,32528.7784009165,7.17737042505178,0
"Developing Asia and Oceania",1781,0,0,0,32224.4439932153,7.10845595256992,0
"Developing Asia and Oceania",1782,0,0,0,31920.1095855142,7.03954148008805,0
"Developing Asia and Oceania",1783,0,0,0,31615.7751778131,6.97062700760619,0
"Developing Asia and Oceania",1784,0,0,0,31311.440770112,6.90171253512433,0
"Developing Asia and Oceania",1785,0,0,0,31007.1063624109,6.83279806264246,0
"Developing Asia and Oceania",1786,0,0,0,30702.7719547097,6.7638835901606,0
"Developing Asia and Oceania",1787,0,0,0,30398.4375470086,6.69496911767873,0
"Developing Asia and Oceania",1788,0,0,0,30094.1031393075,6.62605464519687,0
"Developing Asia and Oceania",1789,0,0,0,29789.7687316064,6.55714017271501,0
"Developing Asia and Oceania",1790,0,0,0,29485.4343239053,6.48822570023314,0
"Developing Asia and Oceania",1791,0,0,0,29181.0999162041,6.41931122775128,0
"Developing Asia and Oceania",1792,0,0,0,28876.765508503,6.35039675526941,0
"Developing Asia and Oceania",1793,0,0,0,28572.4311008019,6.28148228278755,0
"Developing Asia and Oceania",1794,0,0,0,28268.0966931008,6.21256781030569,0
"Developing Asia and Oceania",1795,0,0,0,27963.7622853997,6.14365333782382,0
"Developing Asia and Oceania",1796,0,0,0,27659.4278776985,6.07473886534196,0
"Developing Asia and Oceania",1797,0,0,0,27355.0934699974,6.0058243928601,0
"Developing Asia and Oceania",1798,0,0,0,27050.7590622963,5.93690992037823,0
"Developing Asia and Oceania",1799,0,0,0,26746.4246545952,5.86799544789637,0
"Developing Asia and Oceania",1800,0,0,0,26442.0902468941,5.7990809754145,0
"Developing Asia and Oceania",1801,0,0,0,26137.7558391929,5.73016650293264,0
"Developing Asia and Oceania",1802,0,0,0,25833.4214314918,5.66125203045078,0
"Developing Asia and Oceania",1803,0,0,0,25529.0870237907,5.59233755796891,0
"Developing Asia and Oceania",1804,0,0,0,25224.7526160896,5.52342308548705,0
"Developing Asia and Oceania",1805,0,0,0,24920.4182083885,5.45450861300519,0
"Developing Asia and Oceania",1806,0,0,0,24616.0838006873,5.38559414052332,0
"Developing Asia and Oceania",1807,0,0,0,24311.7493929862,5.31667966804146,0
"Developing Asia and Oceania",1808,0,0,0,24007.4149852851,5.24776519555959,0
"Developing Asia and Oceania",1809,0,0,0,23703.080577584,5.17885072307773,0
"Developing Asia and Oceania",1810,0,0,0,23398.7461698829,5.10993625059587,0
"Developing Asia and Oceania",1811,0,0,0,23094.4117621817,5.041021778114,0
"Developing Asia and Oceania",1812,0,0,0,22790.0773544806,4.97210730563214,0
"Developing Asia and Oceania",1813,0,0,0,22485.7429467795,4.90319283315028,0
"Developing Asia and Oceania",1814,0,0,0,22181.4085390784,4.83427836066841,0
"Developing Asia and Oceania",1815,0,0,0,21877.0741313773,4.76536388818655,0
"Developing Asia and Oceania",1816,0,0,0,21572.7397236761,4.69644941570469,0
"Developing Asia and Oceania",1817,0,0,0,21268.405315975,4.62753494322282,0
"Developing Asia and Oceania",1818,0,0,0,20964.0709082739,4.55862047074096,0
"Developing Asia and Oceania",1819,0,0,0,20659.7365005728,4.48970599825909,0
"Developing Asia and Oceania",1820,0,0,0,20355.4020928717,4.42079152577723,0
"Developing Asia and Oceania",1821,0,0,0,20051.0676851705,4.35187705329537,0
"Developing Asia and Oceania",1822,0,0,0,19746.7332774694,4.2829625808135,0
"Developing Asia and Oceania",1823,0,0,0,19442.3988697683,4.21404810833164,0
"Developing Asia and Oceania",1824,0,0,0,19138.0644620672,4.14513363584977,0
"Developing Asia and Oceania",1825,0,0,0,18833.7300543661,4.07621916336791,0
"Developing Asia and Oceania",1826,0,0,0,18529.3956466649,4.00730469088605,0
"Developing Asia and Oceania",1827,0,0,0,18225.0612389638,3.93839021840418,0
"Developing Asia and Oceania",1828,0,0,0,17920.7268312627,3.86947574592232,0
"Developing Asia and Oceania",1829,0,0,0,17616.3924235616,3.80056127344046,0
"Developing Asia and Oceania",1830,0,0,0,17312.0580158605,3.73164680095859,0
"Developing Asia and Oceania",1831,0,0,0,17007.7236081593,3.66273232847673,0
"Developing Asia and Oceania",1832,0,0,0,16703.3892004582,3.59381785599486,0
"Developing Asia and Oceania",1833,0,0,0,16399.0547927571,3.524903383513,0
"Developing Asia and Oceania",1834,0,0,0,16094.720385056,3.45598891103114,0
"Developing Asia and Oceania",1835,0,0,0,15790.3859773549,3.38707443854927,0
"Developing Asia and Oceania",1836,0,0,0,15486.0515696537,3.31815996606741,0
"Developing Asia and Oceania",1837,0,0,0,15181.7171619526,3.24924549358555,0
"Developing Asia and Oceania",1838,0,0,0,14877.3827542515,3.18033102110368,0
"Developing Asia and Oceania",1839,0,0,0,14573.0483465504,3.11141654862182,0
"Developing Asia and Oceania",1840,0,0,0,14268.7139388493,3.04250207613995,0
"Developing Asia and Oceania",1841,0,0,0,13964.3795311481,2.97358760365809,0
"Developing Asia and Oceania",1842,0,0,0,13660.045123447,2.90467313117623,0
"Developing Asia and Oceania",1843,0,0,0,13355.7107157459,2.83575865869436,0
"Developing Asia and Oceania",1844,0,0,0,13051.3763080448,2.7668441862125,0
"Developing Asia and Oceania",1845,0,0,0,12747.0419003437,2.69792971373064,0
"Developing Asia and Oceania",1846,0,0,0,12442.7074926425,2.62901524124877,0
"Developing Asia and Oceania",1847,0,0,0,12138.3730849414,2.56010076876691,0
"Developing Asia and Oceania",1848,0,0,0,11834.0386772403,2.49118629628505,0
"Developing Asia and Oceania",1849,0,0,0,11529.7042695392,2.42227182380318,0
"Developing Asia and Oceania",1850,0,0,0,11225.3698618381,2.35335735132132,0
"Developing Asia and Oceania",1851,0,0,0,10921.035454137,2.28444287883945,0
"Developing Asia and Oceania",1852,0,0,0,10616.7010464358,2.21552840635759,0
"Developing Asia and Oceania",1853,0,0,0,10312.3666387347,2.14661393387573,0
"Developing Asia and Oceania",1854,0,0,0,10008.0322310336,2.07769946139386,0
"Developing Asia and Oceania",1855,0,0,0,9703.69782333247,2.008784988912,0
"Developing Asia and Oceania",1856,0,0,0,9399.36341563135,1.93987051643013,0
"Developing Asia and Oceania",1857,0,0,0,9095.02900793023,1.87095604394827,0
"Developing Asia and Oceania",1858,0,0,0,8790.69460022911,1.80204157146641,0
"Developing Asia and Oceania",1859,0,0,0,8486.360192528,1.73312709898454,0
"Developing Asia and Oceania",1860,0,0,0,8182.02578482687,1.66421262650268,0
"Developing Asia and Oceania",1861,0,0,0,7877.69137712575,1.59529815402082,0
"Developing Asia and Oceania",1862,0,0,0,7573.35696942463,1.52638368153895,0
"Developing Asia and Oceania",1863,0,0,0,7269.02256172351,1.45746920905709,0
"Developing Asia and Oceania",1864,0,0,0,6964.68815402239,1.38855473657522,0
"Developing Asia and Oceania",1865,0,0,0,6660.35374632128,1.31964026409336,0
"Developing Asia and Oceania",1866,0,0,0,6356.01933862016,1.2507257916115,0
"Developing Asia and Oceania",1867,0,0,0,6051.68493091904,1.18181131912963,0
"Developing Asia and Oceania",1868,0,0,0,5747.35052321792,1.11289684664777,0
"Developing Asia and Oceania",1869,0,0,0,5443.0161155168,1.04398237416591,0
"Developing Asia and Oceania",1870,0,0,0,5138.68170781567,0.975067901684042,0
"Developing Asia and Oceania",1871,0,0,0,4834.34730011456,0.906153429202179,0
"Developing Asia and Oceania",1872,0,0,0,4530.01289241344,0.837238956720315,0
"Developing Asia and Oceania",1873,0,0,0,4225.67848471232,0.76832448423845,0
"Developing Asia and Oceania",1874,0,0,0,3921.3440770112,0.699410011756587,0
"Developing Asia and Oceania",1875,0,0,0,3617.00966931008,0.630495539274722,0
"Developing Asia and Oceania",1876,0,0,0,3312.67526160896,0.56158106679286,0
"Developing Asia and Oceania",1877,0,0,0,3008.34085390784,0.492666594310995,0
"Developing Asia and Oceania",1878,0,0,0,2704.00644620672,0.423752121829132,0
"Developing Asia and Oceania",1879,0,0,0,2399.6720385056,0.354837649347269,0
"Developing Asia and Oceania",1880,0,0,0,2095.33763080448,0.285923176865404,0
"Developing Asia and Oceania",1881,0,0,0,1791.00322310336,0.217008704383542,0
"Developing Asia and Oceania",1882,0,0,0,1486.66881540224,0.148094231901677,0
"Developing Asia and Oceania",1883,0,0,0,1182.33440770112,0.079179759419814,0
"Developing Asia and Oceania",1884,2730.012,265946000,233500.588,878,0.0102652869379498,2730.012
"Developing Asia and Oceania",1885,2459.401,268179000,242433.816,904,0.0091707441671421,5189.413
"Developing Asia and Oceania",1886,2772.061,270430000,236355.82,874,0.0102505676145398,7961.474
"Developing Asia and Oceania",1887,3066.015,272700000,248702.4,912,0.0112431793179318,11027.489
"Developing Asia and Oceania",1888,3409.552,274990000,252440.82,918,0.0123988217753373,14437.041
"Developing Asia and Oceania",1889,4021.827,277298000,247072.518,891,0.0145036278660502,18458.868
"Developing Asia and Oceania",1890,4431.669,279626000,260331.806,931,0.0158485584316194,22890.537
"Developing Asia and Oceania",1891,4772.419,280110000,236132.73,843,0.0170376602049195,27662.956
"Developing Asia and Oceania",1892,5247.29,280594000,255340.54,910,0.0187006493367642,32910.246
"Developing Asia and Oceania",1893,5543.189,281079000,261684.549,931,0.0197211068774259,38453.435
"Developing Asia and Oceania",1894,5616.704,281565000,265797.36,944,0.0199481611706,44070.139
"Developing Asia and Oceania",1895,7034.702,282052000,259487.84,920,0.0249411526952477,51104.841
"Developing Asia and Oceania",1896,7608.026,282540000,240159,850,0.0269272527783677,58712.867
"Developing Asia and Oceania",1897,8253.373,283029000,284161.116,1004,0.0291608739740451,66966.24
"Developing Asia and Oceania",1898,9125.185,283518000,284652.072,1004,0.0321855578834501,76091.425
"Developing Asia and Oceania",1899,10054.478,284009000,262708.325,925,0.0354019696558912,86145.903
"Developing Asia and Oceania",1900,11929.561,284500000,271697.5,955,0.0419316731107206,98075.464
"Developing Asia and Oceania",1901,13179.677,286200000,277327.8,969,0.0460505835080363,111255.141
"Developing Asia and Oceania",1902,14515.422,288000000,300672,1044,0.0504007708333333,125770.563
"Developing Asia and Oceania",1903,14802.121,289700000,304764.4,1052,0.0510946530894028,140572.684
"Developing Asia and Oceania",1904,16561.006,291500000,306075,1050,0.0568130566037736,157133.69
"Developing Asia and Oceania",1905,16930.719,293300000,300632.5,1025,0.0577249198772588,174064.409
"Developing Asia and Oceania",1906,19549.416,295100000,308969.7,1047,0.0662467502541511,193613.825
"Developing Asia and Oceania",1907,21772.4,296900000,290665.1,979,0.0733324351633547,215386.225
"Developing Asia and Oceania",1908,24908.241,298700000,294816.9,987,0.0833888215600937,240294.466
"Developing Asia and Oceania",1909,24142.651,300500000,335358,1116,0.0803416006655574,264437.117
"Developing Asia and Oceania",1910,23487.316,302100000,335633.1,1111,0.0777468255544522,287924.433
"Developing Asia and Oceania",1911,24782.445,303100000,333713.1,1101,0.0817632629495216,312706.878
"Developing Asia and Oceania",1912,28521.446,303400000,333133.2,1098,0.09400608437706,341228.324
"Developing Asia and Oceania",1913,31466.76,303700000,325870.1,1073,0.103611326967402,372695.084
"Developing Asia and Oceania",1914,31698.143,304000000,343520,1130,0.104270207236842,404393.227
"Developing Asia and Oceania",1915,33141.721,304200000,334924.2,1101,0.108947143326759,437534.948
"Developing Asia and Oceania",1916,33517.507,304500000,344694,1132,0.110073914614122,471052.455
"Developing Asia and Oceania",1917,35019.769,304800000,338632.8,1111,0.114894255249344,506072.224
"Developing Asia and Oceania",1918,39359.31,305100000,295336.8,968,0.129004621435595,545431.534
"Developing Asia and Oceania",1919,42974.757,305300000,335830,1100,0.140762387815264,588406.291
"Developing Asia and Oceania",1920,34867.978,305600000,309267.2,1012,0.114096786649215,623274.269
"Developing Asia and Oceania",1921,37505.518,307300000,332498.6,1082,0.122048545395379,660779.787
"Developing Asia and Oceania",1922,36903.371,310400000,346716.8,1117,0.118889726159794,697683.158
"Developing Asia and Oceania",1923,39444.817,327477000,349415.123,1066.99133984982,0.120450648442486,737127.975
"Developing Asia and Oceania",1924,43079.167,330668000,366995.012,1109.85947234084,0.130279213591881,780207.142
"Developing Asia and Oceania",1925,42451.869,333959000,372905.441,1116.62042645954,0.12711700837528,822659.011
"Developing Asia and Oceania",1926,42950.725,337351000,387035.082,1147.2771149337,0.127317615777039,865609.736
"Developing Asia and Oceania",1927,45163.07,340650000,384984,1130.14531043593,0.132579098781741,910772.806
"Developing Asia and Oceania",1928,43198.112,344176000,390614.336,1134.92613081679,0.125511691692622,953970.918
"Developing Asia and Oceania",1929,45258.025,347805000,409247.57,1176.65809864723,0.130124710685585,999228.943
"Developing Asia and Oceania",1930,46371.033,351328000,413099.6,1175.82316240095,0.131987866039712,1045599.976
"Developing Asia and Oceania",1931,42789.407,356174000,411678.406,1155.8350862219,0.120136245205995,1088389.383
"Developing Asia and Oceania",1932,40130.118,361214000,414537.802,1147.62385178869,0.111097903182047,1128519.501
"Developing Asia and Oceania",1933,40131.137,366358000,418281.644,1141.72924844005,0.109540768865427,1168650.638
"Developing Asia and Oceania",1934,45403.13,371506000,422604.886,1137.54525095153,0.122213719293901,1214053.768
"Developing Asia and Oceania",1935,47328.344,376758000,418989.162,1112.09094962814,0.125620010723064,1261382.112
"Developing Asia and Oceania",1936,46549.977,382134000,439719.456,1150.69440562735,0.121815847320573,1307932.089
"Developing Asia and Oceania",1937,49312.997,387625000,434384.05,1120.62960335376,0.127218308932602,1357245.086
"Developing Asia and Oceania",1938,55013.547,393116000,438134.844,1114.51796416325,0.139942274036162,1412258.633
"Developing Asia and Oceania",1939,54217.163,398917000,450333.108,1128.88923761083,0.135910886224453,1466475.796
"Developing Asia and Oceania",1940,57778.809,404621000,461016.266,1139.37800064752,0.142797356044298,1524254.605
"Developing Asia and Oceania",1941,59200.576,409711000,466058.952,1137.53097183136,0.144493499076178,1583455.181
"Developing Asia and Oceania",1942,58475.076,414503000,465093.382,1122.0507016837,0.141072744949976,1641930.257
"Developing Asia and Oceania",1943,52762.623,419296000,479167.332,1142.79013393879,0.125836218327864,1694692.88
"Developing Asia and Oceania",1944,54718.718,424192000,473230.432,1115.60433011467,0.12899516728274,1749411.598
"Developing Asia and Oceania",1945,59962.717,429190000,461486.28,1075.24937673292,0.139711356275775,1809374.315
"Developing Asia and Oceania",1946,59360.924,453210000,466020.735,1028.26666446018,0.130978848657355,1868735.239
"Developing Asia and Oceania",1947,61539.565,390814000,414859.954,1061.52787259412,0.157465098486748,1930274.804
"Developing Asia and Oceania",1948,62310.373,395996000,429054.14,1083.48099475752,0.157351016171881,1992585.177
"Developing Asia and Oceania",1949,87596.994,483331000,535708.828,1108.368443158,0.181236034932582,2080182.171
"Developing Asia and Oceania",1950,199600.889,1233570383.12045,1250419.81979253,1013.65908010004,0.16180745884567,2279783.06
"Developing Asia and Oceania",1951,222664.255,1256680213.24264,1375474.16821173,1094.52997963783,0.177184499806403,2502447.315
"Developing Asia and Oceania",1952,256370.74,1281973651.13646,1474939.80260265,1150.52271261201,0.19998128648957,2758818.055
"Developing Asia and Oceania",1953,267846.619,1308606142.17278,1611517.34590548,1231.47622036203,0.204680851149968,3026664.674
"Developing Asia and Oceania",1954,304455.173,1337090543.27274,1601330.13940551,1197.62281429798,0.227699742946949,3331119.847
"Developing Asia and Oceania",1955,367965.996,1372462453.93684,1692970.23825447,1233.52754270128,0.268106420648892,3699085.843
"Developing Asia and Oceania",1956,407035.804,1401546420.48749,1803690.42156539,1286.92877752706,0.290419067146148,4106121.647
"Developing Asia and Oceania",1957,455499.048,1434129915.33723,1853284.87085655,1292.271258717,0.31761351822362,4561620.695
"Developing Asia and Oceania",1958,740108.309,1468074331.39926,1907790.31284321,1299.51888132588,0.504135446803012,5301729.004
"Developing Asia and Oceania",1959,946287.398,1498368501.88074,1935545.7815199,1291.76886666426,0.631545175177021,6248016.402
"Developing Asia and Oceania",1960,1054576.996,1517223084.63125,1970951.76875974,1299.05205682971,0.695070492060373,7302593.398
"Developing Asia and Oceania",1961,848299.509,1530642389.95567,1902321.09808486,1242.82530692225,0.554211430812763,8150892.907
"Developing Asia and Oceania",1962,766093.596,1556753728.22849,1991901.3678315,1279.52246505822,0.49210969089618,8916986.503
"Developing Asia and Oceania",1963,787094.611,1594471256.23205,2150446.10505896,1348.68916366718,0.493639887156078,9704081.114
"Developing Asia and Oceania",1964,814742.994,1632347768.27376,2340856.57957309,1434.04280942448,0.499123415877001,10518824.108
"Developing Asia and Oceania",1965,899494.559,1671365861.35753,2457724.43901578,1470.48859608724,0.538179329730598,11418318.667
"Developing Asia and Oceania",1966,988099.201,1713245963.93558,2551537.73733467,1489.30030541173,0.57674100613679,12406417.868
"Developing Asia and Oceania",1967,921020.636,1755375063.20649,2639995.47530159,1503.94951519887,0.524685951911381,13327438.504
"Developing Asia and Oceania",1968,1009429.958,1799489499.00054,2728939.88155962,1516.50781128498,0.56095351407199,14336868.462
"Developing Asia and Oceania",1969,1152611.731,1844330596.47834,2957715.22280514,1603.67952928437,0.624948549463344,15489480.193
"Developing Asia and Oceania",1970,1404780.602,1891571795.98657,3231711.16571874,1708.47925126374,0.742652541648475,16894260.795
"Developing Asia and Oceania",1971,1560452.085,1940398467.45042,3397028.34160328,1750.68595372928,0.80419156744148,18454712.88
"Developing Asia and Oceania",1972,1664894.892,1987700688.21297,3517762.59278907,1769.76474056146,0.837598387862315,20119607.772
"Developing Asia and Oceania",1973,1780243.606,2034595428.98647,3799287.76612004,1867.34311499592,0.874986535719697,21899851.378
"Developing Asia and Oceania",1974,1821719.861,2080496574.59284,3941467.50113274,1894.48401370432,0.875617813192754,23721571.239
"Developing Asia and Oceania",1975,1997724.795,2124329572.04966,4165436.38149371,1960.82398715313,0.940402478638234,25719296.034
"Developing Asia and Oceania",1976,2133528.693,2165698052.83163,4326324.98397246,1997.6584354942,0.985145962619505,27852824.727
"Developing Asia and Oceania",1977,2317149.916,2207746610.4005,4582464.91292241,2075.62991664661,1.04955428538951,30169974.643
"Developing Asia and Oceania",1978,2492188.112,2250094544.0272,4880992.42096243,2169.2388143951,1.10759262032586,32662162.755
"Developing Asia and Oceania",1979,2583257.951,2295620892.33546,5049326.66321222,2199.54726848442,1.12529815337754,35245420.706
"Developing Asia and Oceania",1980,2979290.856,2393782507.88699,5736654.04402315,2396.48089378301,1.24459546603916,38224711.562
"Developing Asia and Oceania",1981,2972716.661,2438951193.2529,5948679.08618108,2439.0316225423,1.21885040964481,41197428.223
"Developing Asia and Oceania",1982,3144945.735,2480599970.8349,6265124.96555459,2525.64905233225,1.26781656533742,44342373.958
"Developing Asia and Oceania",1983,3315834.02,2537525768.72285,6620211.77453329,2608.92395897334,1.30671934877291,47658207.978
"Developing Asia and Oceania",1984,3494088.365,2586058617.61865,7035777.43990455,2720.65659763868,1.35112496723586,51152296.343
"Developing Asia and Oceania",1985,3784948.219,2635651344.43917,7369785.19108519,2796.19123623249,1.4360580078187,54937244.562
"Developing Asia and Oceania",1986,3978047.001,2686887808.27093,7682751.31353534,2859.34950089314,1.48054079100532,58915291.563
"Developing Asia and Oceania",1987,4186927.401,2740470636.26381,8135899.1764762,2968.79633330725,1.52781326885815,63102218.964
"Developing Asia and Oceania",1988,4491437.76,2794462280.75897,8621214.21491892,3085.10666766896,1.60726369109557,67593656.724
"Developing Asia and Oceania",1989,4628767.078,2848127061.31468,8918881.64020763,3131.49008039365,1.62519683228718,72222423.802
"Developing Asia and Oceania",1990,4738310.282,2903879712,9253738.836914,3186.68118334028,1.6317171342943,76960734.084
"Developing Asia and Oceania",1991,4981479.291,2955149850,9577112.85422044,3240.82139327738,1.68569431123772,81942213.375
"Developing Asia and Oceania",1992,5260076.963,3004802510,10124960.5591013,3369.59268551107,1.75055663242241,87202290.338
"Developing Asia and Oceania",1993,5619252.9,3054942570,10865385.2275733,3556.65776969852,1.8393972296507,92821543.238
"Developing Asia and Oceania",1994,5880722.01,3103476200,11478268.6597585,3698.51995635041,1.8948822646038,98702265.248
"Developing Asia and Oceania",1995,6200718.793,3152315380,12299177.1329182,3901.63281597738,1.96703630364548,104902984.041
"Developing Asia and Oceania",1996,6489638.975,3201878290,13168865.359388,4112.85631952864,2.02682250454935,111392623.016
"Developing Asia and Oceania",1997,6565184.564,3250569000,13719311.6509516,4220.58773431715,2.01970318550383,117957807.58
"Developing Asia and Oceania",1998,6421441.278,3297883810,13843283.346952,4197.62615801555,1.94713993820176,124379248.858
"Developing Asia and Oceania",1999,6821238.384,3344014480,14398223.462303,4305.67019025079,2.03983518157493,131200487.242
"Developing Asia and Oceania",2000,7103235.499,3390433900,15301489.4431892,4513.1360452682,2.09508154664216,138303722.741
"Developing Asia and Oceania",2001,7277315.422,3436527730,16031580.7785858,4665.05206363802,2.11763617050749,145581038.163
"Developing Asia and Oceania",2002,7761902.801,3480884090,17018206.5068416,4889.04716929015,2.22986534464007,153342940.964
"Developing Asia and Oceania",2003,8702961.432,3524301960,18227077.7852574,5171.82636225001,2.46941423600377,162045902.396
"Developing Asia and Oceania",2004,9340517.46,3567773920,19764738.8504003,5539.79576441331,2.61802391895953,171386419.856
"Developing Asia and Oceania",2005,10170206.7,3610569170,21436373.8670468,5937.11762820122,2.81678766453323,181556626.556
"Developing Asia and Oceania",2006,11005086.517,3652734480,23369078.9132698,6397.6943961363,3.01283506295262,192561713.073
"Developing Asia and Oceania",2007,11678831.318,3694719700,25347110.4625682,6860.36087191355,3.16095191686666,204240544.391
"Developing Asia and Oceania",2008,12441383.308,3737118690,26705069.4191511,7145.89811948176,3.3291378572726,216681927.699
"Developing Asia and Oceania",2009,13062224.624,3778790010,28128084.4220966,7443.67491913017,3.45672148741602,229744152.323
"Developing Asia and Oceania",2010,14080960.152,3819816800,30673151.2340413,8030.00584584091,3.6862920106535,243825112.475
"Developing Asia and Oceania",2011,15232571.24,3862606410,32762998.25639,8482.09596804092,3.9435991201599,259057683.715
"Developing Asia and Oceania",2012,15854358.089,3907012150,34851586.1050436,8920.2656063006,4.05792392762331,274912041.804
"Developing Asia and Oceania",2013,16116957.297,3950236540,37008194.3037775,9368.60208978208,4.07999802892816,291028999.101
"Developing Asia and Oceania",2014,16411911.95,3994516170,39302960.6696711,9839.22933266562,4.10861071817867,307440911.051
"Developing Asia and Oceania",2015,16573999.047,4035277740,41671594.3019484,10326.8218414994,4.10727590884488,324014910.098
"Developing Asia and Oceania",2016,16739760.563,4077265760,44340348.6749112,10875.0204879731,4.10563390967186,340754670.661
"Developing Asia and Oceania",2017,17223760.648,4117543416.33777,46909257.0057285,11392.5348836882,4.18301858813651,357978431.309
"Developing Asia and Oceania",2018,17865769.031,4155292005.76767,49620657.5349815,11941.5572879371,4.29952191234739,375844200.34
"Developing Asia and Oceania",2019,18478818.345,4192369077.01922,51858497.8754057,12369.7358039567,4.40772699290552,394323018.685
"Developing Asia and Oceania",2020,18344683.721,4226703770.16561,51293457.0488297,12135.569426674,4.34018675509905,412667702.406
"Developing Asia and Oceania",2021,19314813.271,4254906892.39098,55065909.451628,12941.7425208768,4.5394208990896,431982515.677
"Developing Asia and Oceania",2022,19538078.016,4279736634.05461,57527763.2495569,13441.8933146022,4.56525241776144,451520593.693
"Developing Asia and Oceania",2023,20390271.08,4306144288.07877,60375770.8128329,14020.8424924308,4.73515742063007,471910864.773
"Latin America and the Caribbean",1750,0,0,0,13885.0125714578,4.68551384050981,0
"Latin America and the Caribbean",1751,0,0,0,13749.1826504849,4.63587026038955,0
"Latin America and the Caribbean",1752,0,0,0,13613.3527295119,4.58622668026929,0
"Latin America and the Caribbean",1753,0,0,0,13477.5228085389,4.53658310014903,0
"Latin America and the Caribbean",1754,0,0,0,13341.692887566,4.48693952002877,0
"Latin America and the Caribbean",1755,0,0,0,13205.862966593,4.43729593990851,0
"Latin America and the Caribbean",1756,0,0,0,13070.0330456201,4.38765235978825,0
"Latin America and the Caribbean",1757,0,0,0,12934.2031246471,4.33800877966799,0
"Latin America and the Caribbean",1758,0,0,0,12798.3732036742,4.28836519954773,0
"Latin America and the Caribbean",1759,0,0,0,12662.5432827012,4.23872161942747,0
"Latin America and the Caribbean",1760,0,0,0,12526.7133617283,4.18907803930721,0
"Latin America and the Caribbean",1761,0,0,0,12390.8834407553,4.13943445918695,0
"Latin America and the Caribbean",1762,0,0,0,12255.0535197823,4.08979087906669,0
"Latin America and the Caribbean",1763,0,0,0,12119.2235988094,4.04014729894643,0
"Latin America and the Caribbean",1764,0,0,0,11983.3936778364,3.99050371882617,0
"Latin America and the Caribbean",1765,0,0,0,11847.5637568635,3.94086013870591,0
"Latin America and the Caribbean",1766,0,0,0,11711.7338358905,3.89121655858565,0
"Latin America and the Caribbean",1767,0,0,0,11575.9039149176,3.84157297846539,0
"Latin America and the Caribbean",1768,0,0,0,11440.0739939446,3.79192939834513,0
"Latin America and the Caribbean",1769,0,0,0,11304.2440729717,3.74228581822487,0
"Latin America and the Caribbean",1770,0,0,0,11168.4141519987,3.69264223810461,0
"Latin America and the Caribbean",1771,0,0,0,11032.5842310257,3.64299865798435,0
"Latin America and the Caribbean",1772,0,0,0,10896.7543100528,3.59335507786409,0
"Latin America and the Caribbean",1773,0,0,0,10760.9243890798,3.54371149774383,0
"Latin America and the Caribbean",1774,0,0,0,10625.0944681069,3.49406791762357,0
"Latin America and the Caribbean",1775,0,0,0,10489.2645471339,3.44442433750331,0
"Latin America and the Caribbean",1776,0,0,0,10353.434626161,3.39478075738305,0
"Latin America and the Caribbean",1777,0,0,0,10217.604705188,3.34513717726279,0
"Latin America and the Caribbean",1778,0,0,0,10081.7747842151,3.29549359714253,0
"Latin America and the Caribbean",1779,0,0,0,9945.9448632421,3.24585001702227,0
"Latin America and the Caribbean",1780,0,0,0,9810.11494226915,3.19620643690201,0
"Latin America and the Caribbean",1781,0,0,0,9674.28502129619,3.14656285678175,0
"Latin America and the Caribbean",1782,0,0,0,9538.45510032324,3.09691927666149,0
"Latin America and the Caribbean",1783,0,0,0,9402.62517935028,3.04727569654123,0
"Latin America and the Caribbean",1784,0,0,0,9266.79525837733,2.99763211642097,0
"Latin America and the Caribbean",1785,0,0,0,9130.96533740437,2.94798853630071,0
"Latin America and the Caribbean",1786,0,0,0,8995.13541643142,2.89834495618045,0
"Latin America and the Caribbean",1787,0,0,0,8859.30549545846,2.84870137606018,0
"Latin America and the Caribbean",1788,0,0,0,8723.4755744855,2.79905779593992,0
"Latin America and the Caribbean",1789,0,0,0,8587.64565351255,2.74941421581966,0
"Latin America and the Caribbean",1790,0,0,0,8451.8157325396,2.6997706356994,0
"Latin America and the Caribbean",1791,0,0,0,8315.98581156664,2.65012705557914,0
"Latin America and the Caribbean",1792,0,0,0,8180.15589059368,2.60048347545888,0
"Latin America and the Caribbean",1793,0,0,0,8044.32596962073,2.55083989533862,0
"Latin America and the Caribbean",1794,0,0,0,7908.49604864777,2.50119631521836,0
"Latin America and the Caribbean",1795,0,0,0,7772.66612767482,2.4515527350981,0
"Latin America and the Caribbean",1796,0,0,0,7636.83620670186,2.40190915497784,0
"Latin America and the Caribbean",1797,0,0,0,7501.00628572891,2.35226557485758,0
"Latin America and the Caribbean",1798,0,0,0,7365.17636475595,2.30262199473732,0
"Latin America and the Caribbean",1799,0,0,0,7229.346443783,2.25297841461706,0
"Latin America and the Caribbean",1800,0,0,0,7093.51652281004,2.2033348344968,0
"Latin America and the Caribbean",1801,0,0,0,6957.68660183708,2.15369125437654,0
"Latin America and the Caribbean",1802,0,0,0,6821.85668086413,2.10404767425628,0
"Latin America and the Caribbean",1803,0,0,0,6686.02675989117,2.05440409413602,0
"Latin America and the Caribbean",1804,0,0,0,6550.19683891822,2.00476051401576,0
"Latin America and the Caribbean",1805,0,0,0,6414.36691794526,1.9551169338955,0
"Latin America and the Caribbean",1806,0,0,0,6278.53699697231,1.90547335377524,0
"Latin America and the Caribbean",1807,0,0,0,6142.70707599935,1.85582977365498,0
"Latin America and the Caribbean",1808,0,0,0,6006.8771550264,1.80618619353472,0
"Latin America and the Caribbean",1809,0,0,0,5871.04723405344,1.75654261341446,0
"Latin America and the Caribbean",1810,0,0,0,5735.21731308049,1.7068990332942,0
"Latin America and the Caribbean",1811,0,0,0,5599.38739210753,1.65725545317394,0
"Latin America and the Caribbean",1812,0,0,0,5463.55747113457,1.60761187305368,0
"Latin America and the Caribbean",1813,0,0,0,5327.72755016162,1.55796829293342,0
"Latin America and the Caribbean",1814,0,0,0,5191.89762918866,1.50832471281316,0
"Latin America and the Caribbean",1815,0,0,0,5056.06770821571,1.4586811326929,0
"Latin America and the Caribbean",1816,0,0,0,4920.23778724275,1.40903755257264,0
"Latin America and the Caribbean",1817,0,0,0,4784.4078662698,1.35939397245238,0
"Latin America and the Caribbean",1818,0,0,0,4648.57794529684,1.30975039233212,0
"Latin America and the Caribbean",1819,0,0,0,4512.74802432389,1.26010681221186,0
"Latin America and the Caribbean",1820,0,0,0,4376.91810335093,1.2104632320916,0
"Latin America and the Caribbean",1821,0,0,0,4241.08818237797,1.16081965197134,0
"Latin America and the Caribbean",1822,0,0,0,4105.25826140502,1.11117607185108,0
"Latin America and the Caribbean",1823,0,0,0,3969.42834043206,1.06153249173082,0
"Latin America and the Caribbean",1824,0,0,0,3833.59841945911,1.01188891161056,0
"Latin America and the Caribbean",1825,0,0,0,3697.76849848615,0.962245331490295,0
"Latin America and the Caribbean",1826,0,0,0,3561.9385775132,0.912601751370035,0
"Latin America and the Caribbean",1827,0,0,0,3426.10865654024,0.862958171249775,0
"Latin America and the Caribbean",1828,0,0,0,3290.27873556729,0.813314591129514,0
"Latin America and the Caribbean",1829,0,0,0,3154.44881459433,0.763671011009254,0
"Latin America and the Caribbean",1830,0,0,0,3018.61889362138,0.714027430888994,0
"Latin America and the Caribbean",1831,0,0,0,2882.78897264842,0.664383850768734,0
"Latin America and the Caribbean",1832,0,0,0,2746.95905167547,0.614740270648473,0
"Latin America and the Caribbean",1833,0,0,0,2611.12913070251,0.565096690528213,0
"Latin America and the Caribbean",1834,0,0,0,2475.29920972955,0.515453110407953,0
"Latin America and the Caribbean",1835,0,0,0,2339.4692887566,0.465809530287692,0
"Latin America and the Caribbean",1836,0,0,0,2203.63936778364,0.416165950167432,0
"Latin America and the Caribbean",1837,0,0,0,2067.80944681069,0.366522370047172,0
"Latin America and the Caribbean",1838,0,0,0,1931.97952583773,0.316878789926911,0
"Latin America and the Caribbean",1839,0,0,0,1796.14960486478,0.267235209806651,0
"Latin America and the Caribbean",1840,0,0,0,1660.31968389182,0.217591629686392,0
"Latin America and the Caribbean",1841,0,0,0,1524.48976291887,0.167948049566131,0
"Latin America and the Caribbean",1842,0,0,0,1388.65984194591,0.11830446944587,0
"Latin America and the Caribbean",1843,0,0,0,1252.82992097296,0.0686608893256109,0
"Latin America and the Caribbean",1844,24.171,1271000,1419.707,1117,0.0190173092053501,24.171
"Latin America and the Caribbean",1845,36.046,1293000,1475.313,1141,0.0278778035576179,60.217
"Latin America and the Caribbean",1846,45.661,1316000,1539.72,1170,0.0346968085106383,105.878
"Latin America and the Caribbean",1847,55.846,1339000,1584.037,1183,0.0417072442120986,161.724
"Latin America and the Caribbean",1848,63.594,1363000,1672.401,1227,0.0466573734409391,225.318
"Latin America and the Caribbean",1849,116.034,1386000,1799.028,1298,0.0837186147186147,341.352
"Latin America and the Caribbean",1850,94.126,1410000,1906.32,1352,0.0667560283687943,435.478
"Latin America and the Caribbean",1851,110.448,1434000,1996.128,1392,0.077020920502092,545.926
"Latin America and the Caribbean",1852,180.875,1458000,2047.032,1404,0.124056927297668,726.801
"Latin America and the Caribbean",1853,116.529,1482000,2021.448,1364,0.0786295546558704,843.33
"Latin America and the Caribbean",1854,5.389,1507000,2090.209,1387,0.00357597876575979,848.719
"Latin America and the Caribbean",1855,150.9,1532000,2183.1,1425,0.0984986945169713,999.619
"Latin America and the Caribbean",1856,219.547,1557000,2221.839,1427,0.141006422607579,1219.166
"Latin America and the Caribbean",1857,444.021,1582000,2312.884,1462,0.280670670037927,1663.187
"Latin America and the Caribbean",1858,451.477,1608000,2432.904,1513,0.280769278606965,2114.664
"Latin America and the Caribbean",1859,251.989,1634000,2547.406,1559,0.154216034271726,2366.653
"Latin America and the Caribbean",1860,421.345,1661000,2637.668,1588,0.253669476219145,2787.998
"Latin America and the Caribbean",1861,296.637,1687000,2657.025,1575,0.175836988737404,3084.635
"Latin America and the Caribbean",1862,293.752,1715000,2663.395,1553,0.171283965014577,3378.387
"Latin America and the Caribbean",1863,253.818,1742000,2780.232,1596,0.145704936854191,3632.205
"Latin America and the Caribbean",1864,393.771,1770000,2950.59,1667,0.222469491525424,4025.976
"Latin America and the Caribbean",1865,401.945,1798000,3074.58,1710,0.223551167964405,4427.921
"Latin America and the Caribbean",1866,550.955,1827000,3197.25,1750,0.30156267104543,4978.876
"Latin America and the Caribbean",1867,887.164,1856000,3092.096,1666,0.477997844827586,5866.04
"Latin America and the Caribbean",1868,686.6,1885000,3230.89,1714,0.364244031830239,6552.64
"Latin America and the Caribbean",1869,720.64,1915000,3540.835,1849,0.376313315926893,7273.28
"Latin America and the Caribbean",1870,1673.033,12085000,15514.419,1283.77484484899,0.138438808440215,8946.313
"Latin America and the Caribbean",1871,1674.291,12309000,15746.078,1279.23291900236,0.136021691445284,10620.604
"Latin America and the Caribbean",1872,2221.553,12537000,16805.854,1340.50043870144,0.177199728802744,12842.157
"Latin America and the Caribbean",1873,2551.548,12771000,17058.278,1335.70417351813,0.1997923420249,15393.705
"Latin America and the Caribbean",1874,3103.623,13007000,17227.65,1324.49065887599,0.238611747520566,18497.328
"Latin America and the Caribbean",1875,2711.501,13248000,17658.537,1332.9209692029,0.204672478864734,21208.829
"Latin America and the Caribbean",1876,2751.2,13494000,17528.099,1298.95501704461,0.203883207351415,23960.029
"Latin America and the Caribbean",1877,2593.026,13745000,17301.06,1258.71662422699,0.188652309930884,26553.055
"Latin America and the Caribbean",1878,2544.864,14000000,18412.408,1315.172,0.181776,29097.919
"Latin America and the Caribbean",1879,2494.996,14259000,19205.841,1346.92762465811,0.174976926853216,31592.915
"Latin America and the Caribbean",1880,3026.425,14522000,19546.244,1345.97465913786,0.208402768213745,34619.34
"Latin America and the Caribbean",1881,3214.11,14795000,20041.716,1354.62764447448,0.217242987495776,37833.45
"Latin America and the Caribbean",1882,3168.601,15073000,21358.308,1416.99117627546,0.210217010548663,41002.051
"Latin America and the Caribbean",1883,3268.324,15357000,21671.679,1411.19222504395,0.212823077423976,44270.375
"Latin America and the Caribbean",1884,3540.542,15646000,23006.515,1470.44068771571,0.226290553496101,47810.917
"Latin America and the Caribbean",1885,3626.971,15939000,22308.373,1399.60932304411,0.227553234205408,51437.888
"Latin America and the Caribbean",1886,3286.865,16239000,23478.912,1445.83484204692,0.202405628425396,54724.753
"Latin America and the Caribbean",1887,3523.019,16543000,22867.129,1382.28428942755,0.21296131294203,58247.772
"Latin America and the Caribbean",1888,4317.333,16855000,22927.085,1360.25422723228,0.256145535449422,62565.105
"Latin America and the Caribbean",1889,5215.703,17171000,23494.162,1368.24657853357,0.303750684293285,67780.808
"Latin America and the Caribbean",1890,4495.371,17493000,25461.98,1455.55250671697,0.256981135311267,72276.179
"Latin America and the Caribbean",1891,5140.967,17888000,27374.324,1530.3177549195,0.287397529069767,77417.146
"Latin America and the Caribbean",1892,4664.04,18291000,25591.683,1399.1407249467,0.254990979170084,82081.186
"Latin America and the Caribbean",1893,4711.536,18703000,24217.352,1294.83783350265,0.251913382879752,86792.722
"Latin America and the Caribbean",1894,6154.87,19125000,24652.694,1289.02975163399,0.321823267973856,92947.592
"Latin America and the Caribbean",1895,7400.317,32218000,50753.679,1575.3205971817,0.229695108324539,100347.909
"Latin America and the Caribbean",1896,8419.195,36287000,53913.792,1485.76052029652,0.232016837986056,108767.104
"Latin America and the Caribbean",1897,8484.713,36972000,55488.519,1500.82546251217,0.22949023585416,117251.817
"Latin America and the Caribbean",1898,9446.446,37674000,58782.786,1560.30116260551,0.250741784785263,126698.263
"Latin America and the Caribbean",1899,10117.007,38386000,57638.905,1501.5605950086,0.263559813473662,136815.27
"Latin America and the Caribbean",1900,12399.135,49204000,84981.722,1727.13035525567,0.251994451670596,149214.405
"Latin America and the Caribbean",1901,13793.043,50137000,90340.926,1801.88136505974,0.275107066637413,163007.448
"Latin America and the Caribbean",1902,14808.814,51064000,89544.443,1753.5728301739,0.290004974150086,177816.262
"Latin America and the Caribbean",1903,15841.67,52012000,95793.999,1841.76726524648,0.304577212950857,193657.932
"Latin America and the Caribbean",1904,16644.064,52980000,100621.982,1899.24465836165,0.314157493393734,210301.996
"Latin America and the Caribbean",1905,18877.189,53971000,107294.491,1988.00264957107,0.349765411054085,229179.185
"Latin America and the Caribbean",1906,21934.436,55280000,112853.798,2041.49417510854,0.396787916063676,251113.621
"Latin America and the Caribbean",1907,24822.697,56320000,117065.755,2078.58229758523,0.440743909801136,275936.318
"Latin America and the Caribbean",1908,25801.809,57381000,121879.04,2124.03129955909,0.449657708997752,301738.127
"Latin America and the Caribbean",1909,25603.166,58468000,127156.919,2174.81218786345,0.437900492577136,327341.293
"Latin America and the Caribbean",1910,28021.363,59420000,132678.35,2232.89044092898,0.471581336250421,355362.656
"Latin America and the Caribbean",1911,35069.823,60394000,135335.143,2240.8706659602,0.580683892439646,390432.479
"Latin America and the Caribbean",1912,35561.94,61393000,141130.795,2298.8092290652,0.579250728910462,425994.419
"Latin America and the Caribbean",1913,39515.513,62418000,140976.008,2258.57938415201,0.633078807395303,465509.932
"Latin America and the Caribbean",1914,33429.263,63447000,132603.049,2089.98138603874,0.526884848771416,498939.195
"Latin America and the Caribbean",1915,31374.725,66375000,137156.263,2066.38437664783,0.472688888888889,530313.92
"Latin America and the Caribbean",1916,32949.36,67370000,143267.42,2126.57592400178,0.489080599673445,563263.28
"Latin America and the Caribbean",1917,40482.792,68382000,145156.493,2122.72956333538,0.592009476177942,603746.072
"Latin America and the Caribbean",1918,43894.973,69404000,153667.678,2214.10405740303,0.632455953547346,647641.045
"Latin America and the Caribbean",1919,55783.832,70459000,159927.878,2269.80056486751,0.791720461545012,703424.877
"Latin America and the Caribbean",1920,93685.639,73165000,172760.236,2361.24152258594,1.28047070320508,797110.516
"Latin America and the Caribbean",1921,106624.176,74340000,173752.902,2337.27336561743,1.43427732041969,903734.692
"Latin America and the Caribbean",1922,103806.161,75813000,184453.79,2433.0100378563,1.36923958951631,1007540.853
"Latin America and the Caribbean",1923,92847.397,77374000,198933.647,2571.06582314473,1.19998186729392,1100388.25
"Latin America and the Caribbean",1924,93547.923,78977000,206994.272,2620.94371779126,1.1844957772516,1193936.173
"Latin America and the Caribbean",1925,83359.041,80564000,210953.449,2618.45798371481,1.03469342386177,1277295.214
"Latin America and the Caribbean",1926,71597.344,82166000,220816.135,2687.43926928413,0.871374339751235,1348892.558
"Latin America and the Caribbean",1927,62001.778,85509000,233172.018,2726.87106620356,0.725090668818487,1410894.336
"Latin America and the Caribbean",1928,54168.956,87215000,250935.035,2877.20042423895,0.621096783810124,1465063.292
"Latin America and the Caribbean",1929,55294.016,88922000,256670.285,2886.46549785205,0.621826049796451,1520357.308
"Latin America and the Caribbean",1930,50285.113,90579000,244422.988,2698.4509433754,0.555151999911679,1570642.421
"Latin America and the Caribbean",1931,43920.259,92281000,231290.06,2506.36707447904,0.47594043194157,1614562.68
"Latin America and the Caribbean",1932,42920.77,93980000,219296.541,2333.43840178761,0.456701106618429,1657483.45
"Latin America and the Caribbean",1933,49138.349,95702000,236195.637,2468.03240266661,0.51345164155399,1706621.799
"Latin America and the Caribbean",1934,52225.127,97422000,255611.996,2623.76050584057,0.536071185153251,1758846.926
"Latin America and the Caribbean",1935,57104.57,99186000,270740.89,2729.62807251023,0.575732159780614,1815951.496
"Latin America and the Caribbean",1936,59895.955,100898000,285199.837,2826.615364031,0.593628763701956,1875847.451
"Latin America and the Caribbean",1937,66814.637,102733000,299636.417,2916.65206895545,0.650371711134689,1942662.088
"Latin America and the Caribbean",1938,65930.957,104589000,306889.056,2934.23836158678,0.630381368977617,2008593.045
"Latin America and the Caribbean",1939,62343.837,106598000,317622.368,2979.62783541905,0.584849969042571,2070936.882
"Latin America and the Caribbean",1940,61907.825,108614000,324005.665,2983.09301747473,0.569980159095513,2132844.707
"Latin America and the Caribbean",1941,59134.825,111045000,341217.772,3072.78825701292,0.532530280516908,2191979.532
"Latin America and the Caribbean",1942,55929.439,114761000,345434.908,3010.03745174754,0.487355800315438,2247908.971
"Latin America and the Caribbean",1943,57884.274,118182000,357436.279,3024.4561692982,0.489789257247297,2305793.245
"Latin America and the Caribbean",1944,59223.481,120840000,381942.508,3160.72912942734,0.490098320092685,2365016.726
"Latin America and the Caribbean",1945,61767.144,126851000,395203.736,3115.49562872977,0.486926740821909,2426783.87
"Latin America and the Caribbean",1946,65305.634,129717000,427940.156,3299.02908639577,0.503446996153164,2492089.504
"Latin America and the Caribbean",1947,71745.006,134020000,450354.437,3360.35246231906,0.535330592448888,2563834.51
"Latin America and the Caribbean",1948,75046.658,137184000,480718.111,3504.1849705505,0.547051099253557,2638881.168
"Latin America and the Caribbean",1949,71471.74,140507000,497898.054,3543.58184289751,0.508670315357954,2710352.908
"Latin America and the Caribbean",1950,110648.679,151154232,538774.09736,3564.39968786319,0.732025015349885,2821001.587
"Latin America and the Caribbean",1951,124487.662,155312084,566775.54741,3649.26883223072,0.801532364989707,2945489.249
"Latin America and the Caribbean",1952,134495.215,159507758,583358.235199,3657.24051615721,0.84318917578918,3079984.464
"Latin America and the Caribbean",1953,136139.989,163826728,607863.456428,3710.40466869362,0.830999865907106,3216124.453
"Latin America and the Caribbean",1954,142925.994,168304923,642449.37378,3817.17517425203,0.849208635447936,3359050.447
"Latin America and the Caribbean",1955,157525.827,172959780,686701.186914,3970.29405861871,0.910765653147801,3516576.274
"Latin America and the Caribbean",1956,169494.012,177786855,714293.444065,4017.69548184538,0.95335513978241,3686070.286
"Latin America and the Caribbean",1957,181244.886,182790431,759279.359969,4153.82444154858,0.991544716036038,3867315.172
"Latin America and the Caribbean",1958,188332.45,187979166,805305.903739,4284.01679225984,1.00187937848389,4055647.622
"Latin America and the Caribbean",1959,200253.801,193368687,822233.59412,4252.15481822039,1.03560614754549,4255901.423
"Latin America and the Caribbean",1960,214518.885,198952603,888878.228607,4467.78888641633,1.07824115776962,4470420.308
"Latin America and the Caribbean",1961,227346.524,204602440,945558.391892,4621.44240260282,1.11116233022441,4697766.832
"Latin America and the Caribbean",1962,240727.676,210407301,985685.648899,4684.65516269799,1.1441032457329,4938494.508
"Latin America and the Caribbean",1963,240708.63,216358270,1013040.203084,4682.23471690729,1.11254647210851,5179203.138
"Latin America and the Caribbean",1964,264038.316,222456454,1084616.997944,4875.63735931887,1.18692135585331,5443241.454
"Latin America and the Caribbean",1965,270448.425,228642391,1140347.641878,4987.47251938071,1.18284463269106,5713689.879
"Latin America and the Caribbean",1966,291344.641,234928893,1203807.705317,5124.13645654475,1.24013967494411,6005034.52
"Latin America and the Caribbean",1967,307761.781,241318125,1254970.184726,5200.48042278631,1.27533636770964,6312796.301
"Latin America and the Caribbean",1968,333653.663,247825349,1337024.732322,5395.02814266994,1.34632580705051,6646449.964
"Latin America and the Caribbean",1969,362745.954,254449678,1432464.42051,5629.65703776603,1.42560979778485,7009195.918
"Latin America and the Caribbean",1970,402530.18,261221330,1536740.748588,5882.90683838108,1.54095448484241,7411726.098
"Latin America and the Caribbean",1971,436741.832,267987355,1638917.294011,6115.65159113944,1.62971059586002,7848467.93
"Latin America and the Caribbean",1972,461969.609,274804737,1757377.216774,6395.00336114657,1.68108313576851,8310437.539
"Latin America and the Caribbean",1973,505255.765,281692491,1906900.7052,6769.44102567505,1.79364300129676,8815693.304
"Latin America and the Caribbean",1974,532421.768,288223140,2026981.375184,7032.68091237921,1.84725545631069,9348115.072
"Latin America and the Caribbean",1975,549472.456,295191257,2093253.642087,7091.17764313392,1.86141168808397,9897587.528
"Latin America and the Caribbean",1976,589038.758,302136819,2210940.316249,7317.67920098808,1.94957622162561,10486626.286
"Latin America and the Caribbean",1977,608396.607,309198692,2312631.53504,7479.43505220261,1.96765582371868,11095022.893
"Latin America and the Caribbean",1978,660478.644,316306557,2418768.811795,7646.91328164594,2.08809659295175,11755501.537
"Latin America and the Caribbean",1979,705481.458,323553950,2587044.785115,7995.71380635285,2.18041367753353,12460982.995
"Latin America and the Caribbean",1980,730790.175,330878232,2765514.093327,8358.10224387019,2.20863781392546,13191773.17
"Latin America and the Caribbean",1981,725318.758,338264786,2780255.577659,8219.16939843392,2.14423371281692,13917091.928
"Latin America and the Caribbean",1982,745265.465,345962119,2753851.917323,7959.98106753127,2.15418227623932,14662357.393
"Latin America and the Caribbean",1983,714628.073,353603037,2691246.063217,7610.92462906929,2.02098963590067,15376985.466
"Latin America and the Caribbean",1984,717480.122,361078881,2798915.459406,7751.53465540401,1.98704537915082,16094465.588
"Latin America and the Caribbean",1985,734202.955,368497778,2883493.241513,7824.99492171429,1.99242166122369,16828668.543
"Latin America and the Caribbean",1986,757910.043,376160803,3000528.173995,7976.71673939669,2.01485651071412,17586578.586
"Latin America and the Caribbean",1987,800717.009,383978530,3098357.304586,8069.08996861361,2.08531713739307,18387295.595
"Latin America and the Caribbean",1988,815960.594,391794567,3114986.575221,7950.56092551942,2.08262355511428,19203256.189
"Latin America and the Caribbean",1989,843018.098,399428273,3176799.695764,7953.36712622744,2.11056190807004,20046274.287
"Latin America and the Caribbean",1990,844571.299,406870167,3181338.225643,7819.05011394704,2.0757759292782,20890845.586
"Latin America and the Caribbean",1991,874241.646,414836123,3321464.79837928,8006.69135165764,2.10743857038699,21765087.232
"Latin America and the Caribbean",1992,904586.199,422756940,3455499.2507099,8173.72566541402,2.13973116325423,22669673.431
"Latin America and the Caribbean",1993,925327.804,425117372,3605779.6010271,8481.84487042581,2.17664077016359,23595001.235
"Latin America and the Caribbean",1994,947743.947,432396635,3824027.12144393,8843.79482149284,2.19183932132127,24542745.182
"Latin America and the Caribbean",1995,960380.69,439607030,3891497.67715864,8852.21894008073,2.18463451323788,25503125.872
"Latin America and the Caribbean",1996,1013199.689,446682028,4064268.15439785,9098.79489129087,2.26827950418457,26516325.561
"Latin America and the Caribbean",1997,1074413.041,453687148,4307460.07543323,9494.34008528105,2.36818046474616,27590738.602
"Latin America and the Caribbean",1998,1117224.024,460618134,4446093.61470521,9652.4502326806,2.42548858052558,28707962.626
"Latin America and the Caribbean",1999,1139132.596,467426197,4503523.78284532,9634.72696170968,2.4370319920259,29847095.222
"Latin America and the Caribbean",2000,1149470.475,474129658,4715622.36937579,9945.84981093039,2.42438003108424,30996565.697
"Latin America and the Caribbean",2001,1162865.003,480644552,4775681.45775245,9935.99415177071,2.41938663022649,32159430.7
"Latin America and the Caribbean",2002,1165029.105,487096749,4861824.89514465,9981.23043343212,2.39178172999878,33324459.805
"Latin America and the Caribbean",2003,1207381.146,493502178,5026151.06558735,10184.6583250284,2.44655687416237,34531840.951
"Latin America and the Caribbean",2004,1254955.912,499844307,5342635.06502141,10688.5984099473,2.5106936188432,35786796.863
"Latin America and the Caribbean",2005,1306892.953,506140872,5613267.72001023,11090.3268843506,2.58207353979506,37093689.816
"Latin America and the Caribbean",2006,1347510.705,512322806,5956480.22572129,11626.420209998,2.63019855688408,38441200.521
"Latin America and the Caribbean",2007,1387221.339,518473208,6343377.55424347,12234.7258380292,2.67558924471947,39828421.86
"Latin America and the Caribbean",2008,1426720.374,524659514,6642722.46767987,12661.0159359082,2.71932622191999,41255142.234
"Latin America and the Caribbean",2009,1388587.5,530795424,6571652.81584064,12380.7638851096,2.61605024688382,42643729.734
"Latin America and the Caribbean",2010,1461205.319,536785023,7067357.09928442,13166.0847387026,2.72214248980639,44104935.053
"Latin America and the Caribbean",2011,1529034.042,542517733,7451230.758537,13734.5386248176,2.81840380321725,45633969.095
"Latin America and the Caribbean",2012,1593912.136,548243911,7648175.98132445,13950.3163243056,2.90730476712946,47227881.231
"Latin America and the Caribbean",2013,1631808.933,553903617,7881298.64224867,14228.6462849523,2.946016026828,48859690.164
"Latin America and the Caribbean",2014,1661089.835,559834958,8005268.735975,14299.3370127755,2.96710630742713,50520779.999
"Latin America and the Caribbean",2015,1641886.309,565497673,8042406.61278794,14221.8208788066,2.90343601290115,52162666.308
"Latin America and the Caribbean",2016,1601677.353,569328025,8027590.3980866,14100.114601045,2.8132768503711,53764343.661
"Latin America and the Caribbean",2017,1584749.366,575123221,8188851.23870487,14238.4291569143,2.75549535844598,55349093.027
"Latin America and the Caribbean",2018,1567386.776,581744748,8337533.95501208,14331.945382706,2.69428607888352,56916479.803
"Latin America and the Caribbean",2019,1590172.221,588861423.196293,8406197.17068734,14275.3402405937,2.70041839787818,58506652.024
"Latin America and the Caribbean",2020,1447242.7,595324528.940999,7872751.53119886,13224.3022897165,2.43101473170347,59953894.724
"Latin America and the Caribbean",2021,1582708.316,600549631.058171,8422148.50608077,14024.0674051217,2.63543300028552,61536603.04
"Latin America and the Caribbean",2022,1608645.543,604542529.1317,8731090.4242155,14442.4751005622,2.66093031587122,63145248.583
"Latin America and the Caribbean",2023,1632742.069,608780915.050006,8916351.67792138,14646.2404741925,2.68198629200767,64777990.652
